PickupDropPointName,Latitude,Longitude,LocalityName,StatusCode
Bus - Mundhwa,18.534273,73.933312,,Active
Kalewadi - Jyotiba Garden (S),18.620756,73.789895,Kalewadi - Jyotiba Garden (S),Active
Hingane Home Colony Corner (L),18.488471,73.813854,Hingane Home Colony Corner (L),Active
Kiwale - Mukai Chowk (S),18.6607,73.7321,Kiwale - Mukai Chowk (S),Active
Bus - Mukai Chowk,18.660367,73.731872,Kiwale - Mukai Chowk (S),Active
Bus - Vimal Garden,18.603495,73.791158,Rahatani - LIC office (S),Active
Bus - Nakhate Vasti,18.604736,73.787167,Rahatani - LIC office (S),Active
Bus - Rahatni LIC Office,18.6027314268239,73.7960830892757,Rahatani - LIC office (S),Active
Rahatani - LIC office (S),18.60271,73.796271,Rahatani - LIC office (S),Active
Warje - Vinayak Hospital (L),18.485969,73.796651,Warje - Vinayak Hospital (L),Active
Warje Left- Mai Mangeshkar Hospital (L),18.485187,73.799754,Mai Mangeshkar Hospital (L),Active
Mai Mangeshkar Hospital (L),18.485187,73.799754,Mai Mangeshkar Hospital (L),Active
Hinjewadi- Andhra Mess (S),18.582765,73.739603,Hinjewadi - Andhra Mess (S),Active
Hinjewadi - Andhra Mess (S),18.588809,73.738668,Hinjewadi - Andhra Mess (S),Active
Narhe - Navale Bridge-Zeal college(L),18.451277,73.830552,Narhe- Zeal College(L),Active
Narhe- Zeal College(L),18.446478,73.826456,Narhe- Zeal College(L),Active
Bus - Amit Bloomfield,18.454626,73.827437,Narhe- Zeal College(L),Active
Tathawade -SHANI MANDIR (S),18.608330,73.750833,Tathawade -SHANI MANDIR (S),Active
Bus - Indira College,18.6118131,73.7498844,Tathawade -SHANI MANDIR (S),Active
"Bus - Sun City, Highway",18.4734146,73.8104755,VadgaonBudruk-DeccanPavilion-L,Active
VadgaonBudruk-DeccanPavilion-L,18.459290,73.825047,VadgaonBudruk-DeccanPavilion-L,Active
Bus - Sahawas Soc,18.4945998432,73.8183719852,Karve Nagar Chowk (L),Active
Karve Nagar Chowk (L),18.489099,73.814366,Karve Nagar Chowk (L),Active
Hinjewadi-BeverlyHills Gate(S),18.595893,73.740474,Hinjewadi-BeverlyHills Gate(S),Active
Bus - Kasturi chowk,18.599586,73.744739,Hinjewadi-BeverlyHills Gate(S),Active
Bus - Camellia Apartments,18.551332,73.791583,Baner - Pashan Link Road (S),Active
Bus - Rolling Hills,18.551914,73.794376,Baner - Pashan Link Road (S),Active
Baner Kapil Malhar (S),18.559792,73.791540,Baner - Pashan Link Road (S),Active
Baner - Pashan Link Road (S),18.547833,73.791048,Baner - Pashan Link Road (S),Active
Sinhgad Road - Rajaram Briedge Venky's Corner (L),18.4879,73.829,SinhgadRoad-Rajaram Briedge(L),Active
SinhgadRoad-Rajaram Briedge(L),18.487898,73.829112,SinhgadRoad-Rajaram Briedge(L),Active
Bus - Prayeja City,18.467372,73.814221,SinhgadRoad-Rajaram Briedge(L),Active
Kharadi Corporation Bank (L),18.540761,73.935111,Kharadi Corporation Bank (L),Active
Kharadi    - Kharadi Corporation Bank (L),18.5409,73.935,Kharadi Corporation Bank (L),Active
PG-Ramkrishna Mangal Hall (M),18.5848,73.8222,PG-Ramkrishna Mangal Hall (M),Active
Bus - ST Thomas Church (Trimurti chowk),18.582942,73.824563,PG-Ramkrishna Mangal Hall (M),Active
Bus - Ramkrishna Mangal Karyalaya,18.585598,73.821928,PG-Ramkrishna Mangal Hall (M),Active
Bus - Ganpati Chowk,18.567467,73.918489,VimanNagar-HotelShriKrishna(L),Active
VimanNagar-HotelShriKrishna(L),18.5651,73.9182,VimanNagar-HotelShriKrishna(L),Active
Bus - Hotel Sree Krishna,18.565074,73.918162,VimanNagar-HotelShriKrishna(L),Active
Bus - Vimannagar Dutta Mandir,18.565284,73.914089,VimanNagar-HotelShriKrishna(L),Active
Bus - Vimannagar PMC Park,18.565047,73.910838,VimanNagar-HotelShriKrishna(L),Active
SB Road - SB Road-Dominos Pizza (M),18.5296,73.829798,Sb Road - Dominos Pizza (M),Active
Sb Road - Dominos Pizza (M),18.5296,73.829798,Sb Road - Dominos Pizza (M),Active
Kharadi-Reliance Fresh Mart(L),18.5511002,73.9372,Kharadi-Reliance Fresh Mart(L),Active
Kharadi    - Kharadi Bye pass Opp reliance fresh mart (L),18.5511,73.9372,Kharadi-Reliance Fresh Mart(L),Active
Bus - Kharadi by pass,18.562121,73.938449,Kharadi-Reliance Fresh Mart(L),Active
Chikhli - HDFC Corner (M),18.6548,73.8031,Chikhli - HDFC Corner (M),Active
Sukhasager Telephone Exchange (L),18.471796,73.867091,Sukhsagar Nagar - Lake View (L) -OLD,Active
Thergoan - Gavane Hospital (S),18.608196,73.771462,Thergoan - Gavane Hospital (S),Active
Balewadi-Savata Mali Temple(S),18.561035,73.787251,Balewadi-Savata Mali Temple(S),Active
Balewadi -shree savata mali temple(S),18.55959,73.790481,Balewadi-Savata Mali Temple(S),Active
VIT hostel (salave Garden) Kondhwa- (L),18.457974,73.877920,Vit Hostel Kondhwa - (L),Active
VIT hostel (salave garden) Kondhwa-(L),18.457974,73.877920,Vit Hostel Kondhwa - (L),Active
Vit Hostel Kondhwa - (L),18.457186,73.877861,Vit Hostel Kondhwa - (L),Active
Chinchwad-Ranka Jewellers,18.634715,73.798211,Chinchwad-Ranka Jewellers,Active
Bus - Empire Estate,18.634384,73.7985612,Chinchwad-Ranka Jewellers,Active
Kharadi- Sainath Nagar Chowk (L),18.539888,73.934122,Kharadi-Sainath Nagar Chowk(L),Active
Bus - Durgamata Temple Kharadi,18.558818,73.938128,Kharadi-Sainath Nagar Chowk(L),Active
Kharadi-Sainath Nagar Chowk(L),18.53976,73.934203,Kharadi-Sainath Nagar Chowk(L),Active
Ajmera-Masulkar-HDFC ATM-(M),18.6333,73.8096,Ajmera-Masulkar-HDFC ATM-(M),Active
Ajmera - Masulkar Colony-HDFC ATM (M),18.6333,73.8096,Ajmera-Masulkar-HDFC ATM-(M),Active
Ajmera - Morwadi Gharonda  hotel (S),18.6331,73.8036,Ajmera-MorwadiGharonda Hotel-S,Active
Ajmera-MorwadiGharonda Hotel-S,18.6331,73.8036,Ajmera-MorwadiGharonda Hotel-S,Active
Bus - Ajmera Society,18.633469,73.809054,Ajmera-MorwadiGharonda Hotel-S,Active
Bus - Morwadi,18.6338655,73.8037325,Ajmera-MorwadiGharonda Hotel-S,Active
Bus - Finolex Chowk,18.6294532,73.8027561,Ajmera-MorwadiGharonda Hotel-S,Active
Bus - Hotel Kalasagar,18.6119656,73.8178731,Ajmera-MorwadiGharonda Hotel-S,Active
Bus - Vallabh Nagar,18.6142635,73.8166285,Ajmera-MorwadiGharonda Hotel-S,Active
Bus - HA Colony,18.6184423,73.8121439,Ajmera-MorwadiGharonda Hotel-S,Active
Ajmera - Vastu Udyog Corner(M),18.6333,73.8159,Ajmera - Vastu Udyog Corner(M),Active
Akurdi - Railway Station (S),18.6479,73.764,Akurdi - Railway Station (S),Active
Bus - Force Motors,18.654044,73.781888,Akurdi - Railway Station (S),Active
Bus - Dharmaraj Chowk,18.649563,73.762025,Akurdi - Railway Station (S),Active
Bus - Akurdi Junction,18.6500802,73.7852681,Akurdi - Railway Station (S),Active
Bus - Lion Chowk Nigdi,18.650470,73.762960,Akurdi - Railway Station (S),Active
Bus - PCMC Water Tank Left Turn,18.652751,73.758518,Akurdi - Railway Station (S),Active
Bus - INOX Akurdi,18.6478031,73.7850965,Akurdi - Bajaj Auto Gate (S),Active
Bus - Thermax Chowk,18.6606316,73.7935401,Akurdi - Bajaj Auto Gate (S),Active
Bus - Khandobamal Akurdi,18.650298,73.784999,Akurdi - Bajaj Auto Gate (S),Active
Bus - Hotel Ratnalok,18.653248,73.782473,Akurdi - Bajaj Auto Gate (S),Active
Akurdi - Bajaj Auto Gate (S),18.654241,73.782151,Akurdi - Bajaj Auto Gate (S),Active
Chinchwad-Bhoir Ngr School (S),18.6427,73.7833,Chinchwad-Bhoir Ngr School (S),Active
Akurdi-Bijlee Ngr WaterTank(S),18.6442,73.7693,Akurdi-Bijlee Ngr WaterTank(S),Active
Akurdi - DY Patil college (S),18.6446,73.7571,Akurdi - DY Patil college (S),Active
Akurdi - Gurudwara Chowk (S),18.6457,73.7667,Akurdi - Gurudwara Chowk (S),Active
Bus - Gurudwara Chowk,18.6457,73.7667,Akurdi - Gurudwara Chowk (S),Active
Bus - Akurdi Station Back Side,18.649571,73.761868,Akurdi - Gurudwara Chowk (S),Active
Akurdi - Mhalsakant chowk (S),18.6493,73.7761,Akurdi - Mhalsakant chowk (S),Active
Bus - Akurdigaon (Hanuman chowk),18.64979,73.77961,Akurdi - Mhalsakant chowk (S),Active
Bus - Mhalsakant chowk,18.64914,73.776,Akurdi - Mhalsakant chowk (S),Active
Akurdi-PMTstop Force motors(S),18.6515,73.7847,Akurdi-PMTstop Force motors(S),Active
Akurdi - Railway Station (S),18.64857,73.76463,Akurdi - Railway Station (S),Active
Bus - Bijali Nagar Bridge,18.644034,73.769278,Akurdi - Railway Station (S),Active
Bus - Akurdi Station,18.6478336,73.764025,Akurdi - Railway Station (S),Active
AmbegaonPathar-PrernaSchool(L),18.4628,73.8448,AmbegaonPathar-PrernaSchool(L),Active
Ambegaon pathar- Prerana school (L),18.462713,73.844874,AmbegaonPathar-PrernaSchool(L),Active
Ambegoan Near D-mart(L),18.4524,73.844,Ambegoan Near D-mart(L),Active
Aundh-Police station corner(M),18.5617,73.8111,Aundh-Police station corner(M),Active
Aundh - Bremen Circle (M),18.5602,73.8147,Aundh - Bremen Circle (M),Active
Bus - Bremen Circle,18.5612668,73.8141073,Aundh - Bremen Circle (M),Active
Bus - Convergys,18.5653198,73.8074232,Aundh - Convergys (M),Active
Bus - Armament Colony,18.551411,73.8214994,Aundh - Convergys (M),Active
"Bus - McDonalds, Aundh",18.5628178,73.8074232,Aundh - Convergys (M),Active
Aundh - Convergys (M),18.5645,73.8073,Aundh - Convergys (M),Active
Bus - DAV School Aundh,18.5603057,73.8030887,Aundh - DAV public School (M),Active
Aundh - DAV public School (M),18.5603,73.8036,Aundh - DAV public School (M),Active
Bus - Gaikwad Petrol Pump,18.557762,73.804054,Aundh - DAV public School (M),Active
Aundh - Hotel Pichola (M),18.5572,73.8171,Aundh - Hotel Pichola (M),Active
Aundh - Hotel Sarja  (M),18.5532,73.8093,Aundh - Hotel Sarja (M),Active
Bus - Hotel Sarjaa,18.5532,73.8093,Aundh - Hotel Sarja (M),Active
Bus - Hotel Seasons,18.553836,73.804901,Aundh - Hotel Sarja (M),Active
Aundh - Hotel Sarja (M),18.5532,73.8093,Aundh - Hotel Sarja (M),Active
Bus - Aloma County,18.563609,73.796657,Aundh - Medi point (M),Active
Bus - Kapil Tranquil,18.561747,73.79214,Aundh - Medi point (M),Active
Bus - Jupiter Hospital,18.564615,73.787023,Aundh - Medi point (M),Active
Bus - Pimplenilakh Baner Bridge,18.564873,73.788659,Aundh - Medi point (M),Active
Bus - Ingawale Chowk,18.571747,73.790554,Aundh - Medi point (M),Active
Bus - Ganga Panama Backside,18.573669,73.789903,Aundh - Medi point (M),Active
Bus - Medipoint Hospital,18.5654927,73.8024128,Aundh - Medi point (M),Active
Aundh - Medi point (M),18.5651,73.8025,Aundh - Medi point (M),Active
Aundh - Parihar Chowk (M),18.5606,73.8092,Aundh - Parihar Chowk (M),Active
Bus - Parihar Chowk,18.5605294,73.8075198,Aundh - Parihar Chowk (M),Active
Bus - Shivaji Nagar,18.5301516,73.8498128,Aundh - Parihar Chowk (M),Active
"Bus - Hotel Shivsagar, Aundh",18.5604481,73.8051058,Aundh-Siddharth Ngr market (M),Active
Bus - Siddharth Nagar,18.5634637,73.813088,Aundh-Siddharth Ngr market (M),Active
Bus - Sangavi Nagar,18.5606159,73.8118435,Aundh-Siddharth Ngr market (M),Active
Aundh-Siddharth Ngr market (M),18.5652,73.8124,Aundh-Siddharth Ngr market (M),Active
Aundh - Sony World (M),18.5665,73.8076,Aundh - Sony World (M),Active
Aundh Road - Ambedkar Chowk  ICICI ATM (M),18.562674,73.830095,Aundh Road - Ambedkar Chowk(M),Active
Aundh Road - Ambedkar Chowk(M),18.5626,73.8303,Aundh Road - Ambedkar Chowk(M),Active
Aundh Road - Ganesh Temple (M),18.5619,73.8369,Aundh Road - Ganesh Temple (M),Active
Aundh Road - Aundh Road-Ganesh Temple (M),18.5619,73.836900,Aundh Road - Ganesh Temple (M),Active
Aundh Road - Pune IT park (M),18.5671,73.8293,Aundh Road - Pune IT park (M),Active
Aundh Road - Spicer College(M),18.5632,73.8181,Aundh Road - Spicer College(M),Active
Bus - Spicer College,18.5628941,73.8171972,Aundh Road - Spicer College(M),Active
BTKawde-Nr Citadal Soc Gate(L),18.5206,73.9062,BTKawde-Nr Citadal Soc Gate(L),Active
Balaji Ngr - Ellora palace (L),18.4658,73.8581,Balaji Ngr - Ellora palace (L),Active
Bus - Balaji Nagar,18.4683978,73.8576073,Balaji Ngr - Ellora palace (L),Active
Bus - Bharati Vidyapeeth,18.4577429,73.8581438,Balaji Ngr - Ellora palace (L),Active
Bus - KK Bazaar,18.4687539,73.859914,Balaji Nagar - K K Market (L),Active
Balaji Nagar - K K Market (L),18.4687,73.8599,Balaji Nagar - K K Market (L),Active
Balewadi-ComfortZONE Corner(S),18.5705,73.7811,Balewadi-ComfortZONE Corner(S),Active
Balewadi - Elite Empire (S),18.5738,73.7761,Balewadi - Elite Empire (S),Active
Bus - Prakriti Balewadi,18.5696676,73.781277,Balewadi - Elite Empire (S),Active
Bus - Balewadi Water Tank,18.576316,73.778834,Balewadi - Mitcon (S),Active
Bus - Bharti Vidyapeeth School,18.573708,73.774803,Balewadi - Mitcon (S),Active
Bus - Mitcon,18.5752358,73.7683702,Balewadi - Mitcon (S),Active
Balewadi - Mitcon (S),18.5751,73.7661,Balewadi - Mitcon (S),Active
Balewadi - Balewadi Phata-Orchid School Gate (S),18.5636,73.7816,Balewadi - Orchid Hotel (S),Active
Balewadi - Orchid Hotel (S),18.571,73.7639,Balewadi - Orchid Hotel (S),Active
Baner - Savata mali temple(S),18.561031,73.787258,Baner - Savata mali temple(S),Active
Baner - Food Bazzar (M),18.5566,73.7942,Baner - Food Bazzar (M),Active
Baner - Hotel Green Park (M),18.551630,73.804260,Baner - Hotel Green Park (M),Active
Bus - Baner Phata,18.5500481,73.809526,Baner - Hotel Green Park (M),Active
Bus - Hotel Green Park,18.551111,73.8049341,Baner - Hotel Green Park (M),Active
Bus - Hotel Mahabaleshwar,18.5549049,73.79766,Baner - Hotel Mahabaleshwar(M),Active
Bus - Kapil Malhar,18.5599192,73.7889589,Baner - Hotel Mahabaleshwar(M),Active
Bus - Balewadi Phata,18.5634891,73.7828649,Baner - Hotel Mahabaleshwar(M),Active
Baner - Hotel Mahabaleshwar(M),18.554929,73.798561,Baner - Hotel Mahabaleshwar(M),Active
Bus - Hotel Sadanand,18.5688794,73.7662996,Baner - Hotel Sadanand (M),Active
"Bus - Renault Auto, Highway",18.555246,73.77079,Baner - Hotel Sadanand (M),Active
Bus - Bitwise,18.5574171,73.7698937,Baner - Hotel Sadanand (M),Active
Baner - Hotel Sadanand (M),18.5685,73.7671,Baner - Hotel Sadanand (M),Active
Baner - Prime Rose Mall (M),18.561591,73.785607,Baner - Prime Rose Mall (M),Active
Baner - Sindh Society gate (M),18.5478,73.8155,Baner - Sindh Society gate (M),Active
Bus - Sakal nagar,18.5463558,73.8197292,Baner - Sindh Society gate (M),Active
Bus - Sindh Society Baner Road,18.5480036,73.8145579,Baner - Sindh Society gate (M),Active
Baner - Kapil Malhar (M),18.558761,73.791752,Baner - Kapil Malhar (M),Active
Bus - Ram nagar,18.525818,73.7815452,Bavdhan - DSK Ranwara (M),Active
Bavdhan - DSK Ranwara (M),18.5211,73.7741,Bavdhan - DSK Ranwara (M),Active
Bavdhan - Maratha Mandir (M),18.5119,73.7813,Bavdhan - Maratha Mandir (M),Active
Bavdhan - Police Chowki (M),18.5227,73.7799,Bavdhan - Police Chowki (M),Active
Bus - Bavdhan,18.5177914,73.7802363,Bavdhan - Police Chowki (M),Active
Bus – Katraj Dairy Signal,18.454295,73.858723,Bharti Vidyapeeth Main Gate(L),Active
Bharti Vidyapeeth Main Gate(L),18.4578,73.8579,Bharti Vidyapeeth Main Gate(L),Active
Bhawani Peth-DhobiGhat Corn(L),18.502181,73.876127,Bhawani Peth-DhobiGhat Corn(L),Active
Bus - Ramoshi Gate,18.5096781172232,73.8682091191144,Bhawani Peth-Ramoshi Gate (L),Active
Bhawani Peth-Ramoshi Gate (L),18.5108,73.8684,Bhawani Peth-Ramoshi Gate (L),Active
Bus - Bharatmata Nagar,18.6273284,73.8651443,Bhosari-Anand Hospital stop(M),Active
Bus - Bhosari Bus Stand,18.6203843,73.8507248,Bhosari-Anand Hospital stop(M),Active
Bus - Anand Hospital,18.623073,73.851492,Bhosari-Anand Hospital stop(M),Active
Bhosari-Anand Hospital stop(M),18.622316,73.851383,Bhosari-Anand Hospital stop(M),Active
Bus - Landewadi,18.6196726,73.8417769,Bhosari-Hotel Vishwa Vilas (M),Active
Bhosari-Hotel Vishwa Vilas (M),18.6205,73.8413,Bhosari-Hotel Vishwa Vilas (M),Active
Bus - Sheetal Baug Colony (Bhosari),18.615950,73.847966,Bhosari-Hotel Vishwa Vilas (M),Active
Bus - Bhosari Telephone Exchange,18.6210655,73.8301683,Bhosari - Shivaji Statue (M),Active
Bus - CIRT,18.6108675,73.8235808,Bhosari - Shivaji Statue (M),Active
Bhosari - Shivaji Statue (M),18.6199,73.841,Bhosari - Shivaji Statue (M),Active
Bus - Tathavade petrol pump,18.6111929,73.7605704,Bhumkar Chowk-Chandra Mauli(S),Active
Bus - Kalakhadak,18.6056106,73.7524379,Bhumkar Chowk-Chandra Mauli(S),Active
Bhumkar Chowk-Chandra Mauli(S),18.606964,73.755586,Bhumkar Chowk-Chandra Mauli(S),Active
BhumkarWasti-SixSeaterstand(S),18.6059,73.7526,BhumkarWasti-SixSeaterstand(S),Active
BhumkarWasti - Poona Bakery(S),18.603623,73.747711,BhumkarWasti - Poona Bakery(S),Active
Bibwewadi - Bibwewadi Corner Near Bank of Maharashtra  (L),18.480754,73.861335,Bibwewadi - Near BOM Bank (L),Active
Bibwewadi - Near BOM Bank (L),18.480742,73.861147,Bibwewadi - Near BOM Bank (L),Active
Bibwewadi-MaheshSocietyGate(L),18.469046,73.864171,Bibwewadi-MaheshSocietyGate(L),Active
Bus - Bibwewadi,18.4756482,73.8624246,Bibwewadi-MaheshSocietyGate(L),Active
Bus - Mahesh Society,18.4690592,73.8640232,Bibwewadi-MaheshSocietyGate(L),Active
Bibwewadi - Mahesh society-Main gate (L),18.4702,73.864,Bibwewadi-MaheshSocietyGate(L),Active
Bijli Nagar - Hanuman Sweets (M),18.6431,73.7725,Bijli Nagar-Hanuman Sweets (S),Active
Bijli Nagar-Hanuman Sweets (S),18.6431,73.7725,Bijli Nagar-Hanuman Sweets (S),Active
Bopkhel - Ganesh Temple (L),18.592867,73.863747,Bopkhel - Ganesh Temple (L),Active
Bopkhel - TCL Main Gate (L),18.6066,73.8732,Bopkhel - TCL Main Gate (L),Active
Bus - Bopkhel Phata,18.597318,73.873301,Bopkhel - TCL Main Gate (L),Active
Bus - Phugewadi,18.5852427,73.8331938,Bopodi-Chajjed Petrol Pump (M),Active
Bus - Vineyard Workers Church,18.582202,73.8298143,Bopodi-Chajjed Petrol Pump (M),Active
Bus - Bopodi,18.5725102,73.8339985,Bopodi-Chajjed Petrol Pump (M),Active
Bus - Bopodi Naka,18.572611,73.836861,Bopodi-Chajjed Petrol Pump (M),Active
Bopodi-Chajjed Petrol Pump (M),18.5729,73.8348,Bopodi-Chajjed Petrol Pump (M),Active
Budhwar Peth-PrabhatThetere(L),18.516584,73.853884,Budhwar Peth-PrabhatThetere(L),Active
Bund Guarden-WadiaColl Gate(L),18.5337,73.8788,Bund Guarden-WadiaColl Gate(L),Active
Bus - Bund Garden,18.53999,73.88318,Bund Guarden-WadiaColl Gate(L),Active
Bus - Ruby Hall (Wadi college Signal),18.53457,73.87961,Bund Guarden-WadiaColl Gate(L),Active
Bus - ASC Depot,18.519026,73.882301,Camp - Cafe Majestic (L),Active
Camp - Cafe Majestic (L),18.5167,73.8748,Camp - Cafe Majestic (L),Active
Camp - Coportion Bank (L),18.5078,73.8792,Camp - Coportion Bank (L),Active
Camp - Lal Deoul (L),18.52031,73.87318,Camp - Lal Deoul (L),Active
Bus - Hotel Aurora Towers,18.5184222,73.879242,Camp - Lal Deoul (L),Active
Bus - Bombay Garage,18.5136457,73.8799018,Camp - Lal Deoul (L),Active
Camp - Quarter gate circle (L),18.5151,73.8725,Camp - Quarter gate circle (L),Active
Bus - Chandan Nagar,18.5630568,73.931352,Chandan NGR - NEI PMT Stop (L),Active
Chandan NGR - NEI PMT Stop (L),18.563,73.9316,Chandan NGR - NEI PMT Stop (L),Active
Chandan NGR-Sangharsh Chowk(L),18.5595,73.9312,Chandan NGR-Sangharsh Chowk(L),Active
Chandan NGR - Sunita Nagar (L),18.5611,73.9311,Chandan NGR - Sunita Nagar (L),Active
Chandan NGR-Tata Guard Room(L),18.5629,73.9286,Chandan NGR-Tata Guard Room(L),Active
Bus - Windmill Village,18.504713,73.764764,ChandaniChowk-Highway Stop(M),Active
Bus - Bhukum Gram Panchayat,18.498506,73.719634,ChandaniChowk-Highway Stop(M),Active
Bus - Bhugaon Gram Panchayat,18.501045,73.750539,ChandaniChowk-Highway Stop(M),Active
ChandaniChowk-Highway Stop(M),18.5072,73.7829,ChandaniChowk-Highway Stop(M),Active
ChandaniChowk-VedBhavan Cor(M),18.5075,73.788,ChandaniChowk-VedBhavan Cor(M),Active
Bus - Ved Bhavan Kothrud,18.506866,73.789917,ChandaniChowk-VedBhavan Cor(M),Active
Bus - Chandani Chowk,18.5073126,73.7837017,ChandaniChowk-VedBhavan Cor(M),Active
Thermax Chowk - Hdfc Corner(M),18.6548,73.8031,Thermax Chowk - Hdfc Corner(M),Active
Chikhli - Indica Gate No 2 (M),18.6617,73.8218,Chikhli - Indica Gate No 2 (M),Active
Chikhli-Kasturi Market Stop(M),18.6642,73.7952,Chikhli-Kasturi Market Stop(M),Active
Chikhli - KSB Chowk (M),18.6502,73.8093,Chikhli - KSB Chowk (M),Active
Chikhli - Mahabali Chowk (M),18.6589,73.8074,Chikhli - Mahabali Chowk (M),Active
Chikhli - Mathura Sweets (M),18.6658,73.7958,Chikhli - Mathura Sweets (M),Active
Bus - Mathura Sweets,18.6657754242899,73.7955963534494,Chikhli - Mathura Sweets (M),Active
Bus - River Residency,18.6871343309551,73.8310910534005,Chikhli - Sane Chowk (M),Active
Bus - Sane Chowk,18.6701916150621,73.7984053493316,Chikhli - Sane Chowk (M),Active
Bus - Moi Phata,18.6824587441297,73.8188280556715,Chikhli - Sane Chowk (M),Active
Bus - Chikhli Corner,18.6835414732377,73.8142126436164,Chikhli - Sane Chowk (M),Active
Bus - City Hospital,18.6750265899945,73.8051990877332,Chikhli - Sane Chowk (M),Active
Bus - Gitai Colony,18.6807854912569,73.8115626490923,Chikhli - Sane Chowk (M),Active
Bus - Jadhav Wadi Bus stop,18.681047533844,73.829393389619,Chikhli - Sane Chowk (M),Active
Bus – Talawade Jakat Naka Bus stop,18.707266,73.780212,Chikhli - Sane Chowk (M),Active
Bus - Koynanagar (Sane Chowk),18.667554,73.796656,Chikhli - Sane Chowk (M),Active
Bus – Talawade IT Park Corner,18.700982,73.787985,Chikhli - Sane Chowk (M),Active
Bus - Talawade chowk,18.696774,73.791886,Chikhli - Sane Chowk (M),Active
Bus - Dehugoan Kaman,18.716725,73.767911,Chikhli - Sane Chowk (M),Active
Bus - Tower Line bus stop,18.671976,73.786758,Chikhli - Sane Chowk (M),Active
Bus - Ganesh Nagar Corner,18.678507,73.787799,Chikhli - Sane Chowk (M),Active
Chikhli - Sane Chowk (M),18.6701,73.7984,Chikhli - Sane Chowk (M),Active
Bus - Cherry Sweets Corner,18.6648287479659,73.8070714562276,Chikhli - Cherry Sweet Mart(M),Active
Bus - Spine Road - Gharkul,18.66506,73.80567,Chikhli - Cherry Sweet Mart(M),Active
Chikhli - Cherry Sweet Mart(M),18.664737,73.806931,Chikhli - Cherry Sweet Mart(M),Active
Chikhli - Shahu nagar RTO (M),18.6585,73.8125,Chikhli - Shahu nagar RTO (M),Active
Bus - Tata Indica Plant Gate,18.661648,73.822819,Chikhli - Shahu nagar RTO (M),Active
Bus - Tata Jaguar,18.659239,73.826606,Chikhli - Shahu nagar RTO (M),Active
Chikhli - Thermax Chowk (M),18.6606,73.7935,Chikhli - Thermax Chowk (M),Active
Bus - Darshan Hall Chinchvad,18.629321,73.7866414,Chinchwad - Dharshan Hall (M),Active
Chinchwad - Dharshan Hall (M),18.6294,73.7867,Chinchwad - Dharshan Hall (M),Active
Chinchwad - Jai Hind Pump (S),18.638709,73.795479,Chinchwad - Jai Hind Pump (S),Active
Chinchwad - KeshavNGRSchool(S),18.6244,73.7826,Chinchwad - KeshavNGRSchool(S),Active
Chinchwad - Lokmanya Hosp (S),18.63704,73.789877,Chinchwad - Lokmanya Hosp (S),Active
Bus - Chinchvad Station,18.6385522,73.7951172,Chinchwad - Lokmanya Hosp (S),Active
Bus - Mohan Nagar,18.6423847,73.7970699,Chinchwad-Mohan Nagar Chowk(M),Active
Bus - Finolex (Chinchvad),18.6459936,73.8033033,Chinchwad-Mohan Nagar Chowk(M),Active
Bus - KSB Chowk,18.6504766,73.8093758,Chinchwad-Mohan Nagar Chowk(M),Active
Bus - Pimpri Chinchvad Rto,18.6585783,73.8122941,Chinchwad-Mohan Nagar Chowk(M),Active
Bus - Premlok Park,18.6402804,73.7831224,Chinchwad-Mohan Nagar Chowk(M),Active
Chinchwad-Mohan Nagar Chowk(M),18.6426,73.7974,Chinchwad-Mohan Nagar Chowk(M),Active
Chinchwad - Mohan Nagar Chowk (S),18.6426,73.7974,Chinchwad-Mohan Nagar Chowk(M),Active
Chinchwad - Morya Hospital (S),18.627495,73.782079,Chinchwad - Morya Hospital (S),Active
Chinchwad-PNG ChapekarChowk(S),18.6303,73.7791,Chinchwad-PNG ChapekarChowk(S),Active
Bus - Hotel Kamini,18.6328082,73.7853003,Chinchwad-PNG ChapekarChowk(S),Active
Bus - Chinchvad Bus Stand,18.6274707,73.7825645,Chinchwad-PNG ChapekarChowk(S),Active
Bus - Chaphekar Chowk,18.629626,73.7816418,Chinchwad-PNG ChapekarChowk(S),Active
Bus - Aditya Birla Hospital,18.6251425,73.7758375,Chinchwad-PNG ChapekarChowk(S),Active
Bus - Pudumjee Pulp and Paper Mills,18.620656,73.771133,Chinchwad-PNG ChapekarChowk(S),Active
Chinchwad-PCMC Natyagraha (S),18.6333,73.7871,Chinchwad-PCMC Natyagraha (S),Active
Chinchwad - Premlok Park-TVS showroom (M),18.638884,73.782630,Chinchwad-Premlok Park-TVS (S),Active
Bus - Bird Valley Lake,18.6564131,73.8006211,Chinchwad-Premlok Park-TVS (S),Active
Chinchwad-Premlok Park-TVS (S),18.6403,73.783,Chinchwad-Premlok Park-TVS (S),Active
Bus - Gawade HP Petrol Pump,18.6300174696,73.7929469378,Chinchwad-Yashopuram Corn (S),Active
Chinchwad-Yashopuram Corn (S),18.629,73.7934,Chinchwad-Yashopuram Corn (S),Active
Corporation-Balghandharva (L),18.5234,73.8499,Corporation-Balghandharva (L),Active
Corporation-Sawarkar Bhavan(L),18.5221,73.85,Corporation-Sawarkar Bhavan(L),Active
Dandekar Bridge - Dandekar Bridge-Ramkrishna Math (L),18.5,73.845,DandekarPul-Ramkrishna Math(L),Active
Bus - Dandekar Bridge,18.5011699,73.8455696,DandekarPul-Ramkrishna Math(L),Active
DandekarPul-Ramkrishna Math(L),18.5,73.845,DandekarPul-Ramkrishna Math(L),Active
Dange Chowk-Bhoir Hospital (S),18.6146,73.7646,Dange Chowk-Bhoir Hospital (S),Active
Bus - Dange Chowk,18.6152497,73.7653125,Dange Chowk-Bhoir Hospital (S),Active
Bus - Tathavade,18.615249,73.765312,Dange Chowk-Bhoir Hospital (S),Active
"Bus - Akshay Park, Thergaon",18.6073596,73.772651,Dange Chowk-Bhoir Hospital (S),Active
Bus - Pandit Petrol pump,18.610362,73.759414,Dange Chowk-Pratibha Motore(S),Active
Dange Chowk-Pratibha Motore(S),18.6105,73.7592,Dange Chowk-Pratibha Motore(S),Active
Dapodi-Dapodi Main bus stop(M),18.5812,73.8342,Dapodi-Dapodi Main bus stop(M),Active
Deccan-Honkong lane Corn (L),18.5159,73.8423,Deccan-Honkong lane Corn (L),Active
Deccan - Bhandarkar Road-Hotel Oakwood (L),18.5175,73.8408,Deccan-Hotel Oakwood (L),Active
Bus - Deccan Gymkhana,18.5164104,73.8419003,Deccan-Hotel Oakwood (L),Active
Deccan-Hotel Oakwood (L),18.5175,73.8408,Deccan-Hotel Oakwood (L),Active
Deccan-Spencer (L),18.518081,73.836695,Deccan-Spencer (L),Active
Deccan - Bhandarkar Road-Spencer (L),18.5165,73.8372,Deccan-Spencer (L),Active
Deccan-Bombay Sappers Chowk(L),18.5487,73.871,Deccan-Bombay Sappers Chowk(L),Active
Deccan-Holkar Bridge Corner(L),18.5551,73.8618,Deccan-Holkar Bridge Corner(L),Active
Dehu Road-Central Hotel (M),18.6869,73.7197,Dehu Road-Central Hotel (M),Active
Bus - Talegaon Station Chowk,18.732719,73.673672,Dehu Road-Central Hotel (M),Active
Bus - Talegaon Phata,18.728253,73.654687,Dehu Road-Central Hotel (M),Active
Bus - Flora City,18.725107,73.660068,Dehu Road-Central Hotel (M),Active
Bus - Shirgaon Phata,18.701951,73.688872,Dehu Road-Central Hotel (M),Active
Bus - Somatna Phata (Toll Plaza),18.700400,73.691534,Dehu Road-Central Hotel (M),Active
Bus - Dehu Road Try Jesus Church,18.683576,73.721691,Dehu Road-Central Hotel (M),Active
Bus - Center Restaurant,18.6865499,73.720702,Dehu Road-Central Hotel (M),Active
Bus - Hotel Savana,18.6785,73.7331,Dehu Road - Hotel Savana (M),Active
Dehu Road - Hotel Savana (M),18.6785,73.7331,Dehu Road - Hotel Savana (M),Active
Dehu Road - Samir Lawns (express highway) (M),18.650303,73.734840,Dehu Road-Samir Lawns (S),Active
Bus - Dehuroad Station,18.6786122,73.7333298,Dehu Road-Samir Lawns (S),Active
Bus - Dehu Road Gurudwara,18.6832265,73.729446,Dehu Road-Samir Lawns (S),Active
Bus - Dehu Road Police Station,18.6862247,73.722365,Dehu Road-Samir Lawns (S),Active
Dehu Road-Samir Lawns (S),18.6496,73.7345,Dehu Road-Samir Lawns (S),Active
"Bus - Shinde Petrol Pump, Dehuroad",18.6657241,73.7283409,Dehu Road-Shinde Petrol Pump-M,Active
Dehu Road-Shinde Petrol Pump-M,18.66789,73.727744,Dehu Road-Shinde Petrol Pump-M,Active
Dehu Road - Shinde Petrol Pump (S),18.6687,73.727,Dehu Road-Shinde Petrol Pump-M,Active
DehuRoad-ShitalaMata Mandir(M),18.6772,73.7228,DehuRoad-ShitalaMata Mandir(M),Active
Bus - Mamurdi Naka,18.6779821,73.7238026,DehuRoad-ShitalaMata Mandir(M),Active
Bus - Dehuroad Kendriya Vidyalaya,18.6769149,73.7524701,DehuRoad-ShitalaMata Mandir(M),Active
Bus - Dehuroad Ordinance Factory,18.6788257,73.7412906,DehuRoad-ShitalaMata Mandir(M),Active
Dhankwadi -Trimurti chowk (L),18.456645,73.849417,Dhankwadi - Trimurti Chowk (L),Active
Dhankwadi - Trimurti Chowk (L),18.45703,73.850295,Dhankwadi - Trimurti Chowk (L),Active
Bus – Gokul Nagar Dhanori,18.591878,73.890603,Dhanori-Amba Nagari Society(L),Active
Bus - Lokpriya Nagar,18.57502,73.879878,Dhanori-Amba Nagari Society(L),Active
Dhanori-Amba Nagari Society(L),18.5804,73.8818,Dhanori-Amba Nagari Society(L),Active
Dhanori - Bharat Dhaba (L),18.5937,73.8928,Dhanori - Bharat Dhaba (L),Active
Bus - Gurudev Duttanagar,18.593508,73.892418,Dhanori - Bharat Dhaba (L),Active
Bus - Dhanori,18.5967642,73.8973094,Dhanori - Jakat naka (L),Active
Bus - Jijau Chowk,18.602659,73.909697,Dhanori - Jakat naka (L),Active
Bus - Park Spring,18.612795,73.911666,Dhanori - Jakat naka (L),Active
Bus - Pride World City,18.622701,73.916000,Dhanori - Jakat naka (L),Active
Dhanori - Jakat Naka (L),18.5973,73.9065,Dhanori - Jakat naka (L),Active
Dhanori-Palladium Society (L),18.5972,73.9012,Dhanori-Palladium Society (L),Active
Dhayari-Dhareshwar Karyalay(L),18.461525,73.813472,Dhayari-Dhareshwar Karyalay(L),Active
Bus - Hotel Girija Dhayari,18.459529,73.810014,Dhayari-Dhareshwar Karyalay(L),Active
Dhayari - DSK Vishwa (L),18.443278,73.799045,Dhayari - DSK Vishwa (L),Active
Bus - DSK Vishwa,18.4447973,73.7994892,Dhayari - DSK Vishwa (L),Active
Bus - Chavan Bagh,18.4470084,73.8040327,Dhayari-Last PMT Bus Stop (L),Active
Bus - Dhayari Gaon,18.4472095,73.8102502,Dhayari-Last PMT Bus Stop (L),Active
Bus - Sunder Samruddhi Apartment,18.446682,73.815405,Dhayari-Last PMT Bus Stop (L),Active
Bus - PARI Robotics,18.447036,73.820775,Dhayari-Last PMT Bus Stop (L),Active
Dhayari-Last PMT Bus Stop (L),18.446799,73.809928,Dhayari-Last PMT Bus Stop (L),Active
Dhayari- Abhiruchi resort (L),18.4632,73.8161,Dhayari- Abhiruchi resort (L),Active
Bus - Hotel Vishwas,18.463731,73.818817,Dhayari- Abhiruchi resort (L),Active
Bus - Dhayari Phata,18.4609181,73.8127715,Dhayari- Abhiruchi resort (L),Active
"Bus - Sinhagad Road Junction, Highway",18.4638082,73.8189728,Dhayari- Abhiruchi resort (L),Active
Dhayari-Raikar NGR Bus Stop(L),18.4541,73.8115,Dhayari-Raikar NGR Bus Stop(L),Active
Bus - Dhayari Poultry Farm,18.451947,73.811249,Dhayari-Raikar NGR Bus Stop(L),Active
Bus - Dhayari Garmala,18.457428,73.811839,Dhayari-Raikar NGR Bus Stop(L),Active
DholePatil RD-Holiday Inn (L),18.5382,73.8816,DholePatil RD-Holiday Inn (L),Active
DholePatil RD-HotelFoodland(L),18.5254,73.8719,DholePatil RD-HotelFoodland(L),Active
DholePatil RD-Blind School (L),18.5397,73.8882,DholePatil RD-Blind School (L),Active
Dighi-B U Bhandari Skyline (L),18.6233,73.8714,Dighi-B U Bhandari Skyline (L),Active
Dighi - Dighi Jakat Naka (L),18.6129,73.8729,Dighi - Dighi Jakat Naka (L),Active
Bus - Dighi,18.614782,73.8730193,Dighi - Dighi Jakat Naka (L),Active
Bus - Dighi Magazine,18.6335808,73.8748432,Dighi - Dighi Jakat Naka (L),Active
Erandwana-Karnataka school (L),18.501902,73.827673,Erandwana-Karnataka school (L),Active
Erandwane - Mehendale Garage (L),18.504578,73.831324,Erandwane-Mahendale Garage (L),Active
Bus - Garware College,18.5123206,73.8386387,Erandwane-Mahendale Garage (L),Active
Bus - Balgandharva,18.5227865,73.8480748,Erandwane-Mahendale Garage (L),Active
Erandwane-Mahendale Garage (L),18.50489,73.831509,Erandwane-Mahendale Garage (L),Active
Bus - Empress Garden,18.514262,73.895077,FatimaNGR-EmpressGardengate(L),Active
FatimaNGR-EmpressGardengate(L),18.5119,73.8968,FatimaNGR-EmpressGardengate(L),Active
Fatima Nagar - Fatima Nagar (Corner)- Big Bazaar (L),18.5066,73.8995,Fatima Nagar-Big Bazaar (L),Active
Fatima Nagar-Big Bazaar (L),18.50657,73.901102,Fatima Nagar-Big Bazaar (L),Active
Bus - Fatima Nagar,18.5064935,73.9010376,Fatima Nagar-Big Bazaar (L),Active
Bus - Reliance Mart Wanawadi,18.501957,73.900701,Fatima Nagar-Big Bazaar (L),Active
Ganj Peth - Police Chowky (L),18.5091,73.864109,Ganj Peth - Police Chowky (L),Active
Bus - Citadel Enclave,18.5203144,73.9065576,Ghorpadi-Vatsalya School (L),Active
Ghorpadi-Vatsalya School (L),18.5288,73.9061,Ghorpadi-Vatsalya School (L),Active
Ghorpadi Peth-GhorpadeUdyan(L),18.5024,73.8623,Ghorpadi Peth-GhorpadeUdyan(L),Active
Ghorpadi Peth - Mominpura (L),18.5031,73.8631,Ghorpadi Peth - Mominpura (L),Active
Ghorpadi Peth - PMC Colony (L),18.5039,73.8634,Ghorpadi Peth - PMC Colony (L),Active
Gultekadi-Giridhar Bhavan (L),18.492869,73.868803,Gultekadi-Giridhar Bhavan (L),Active
Phadgate Police Chowky(L),18.508733,73.858264,Phadgate Police Chowky(L),Active
GuruwarPeth-RashtrbhushnCk(L),18.5039,73.859,GuruwarPeth-RashtrbhushnCk(L),Active
Hadapsar-Gadital-PMTBusStop(L),18.500736,73.937779,Hadapsar-Gadital-PMTBusStop(L),Active
Bus - Hadapsar Gadital,18.5007044,73.9385349,Hadapsar-Gadital-PMTBusStop(L),Active
Bus - Hadapsar Bhaji Mandai,18.501471,73.933442,Hadapsar-Gadital-PMTBusStop(L),Active
Bus - Mega Centre,18.5024137,73.927334,Hadapsar-Gadital-PMTBusStop(L),Active
Bus - Ramtekdi,18.5062087,73.913129,Hadapsar-Gadital-PMTBusStop(L),Active
Bus - Magar Patta ( Main Gate),18.514824,73.932529,Hadapsar-Gadital-PMTBusStop(L),Active
Bus - Manjari Farms(Bharat petroleum),18.496729,73.967338,Hadapsar-Gadital-PMTBusStop(L),Active
Bus - Manjari Phata (15 No Signal Bus stop),18.499078,73.950851,Hadapsar-Gadital-PMTBusStop(L),Active
Bus - Akashwani Hadapsar,18.499885,73.944743,Hadapsar-Gadital-PMTBusStop(L),Active
Bus - Bhekrai Nagar Jakat Naka,18.483976,73.953652,Hadapsar-Gadital-PMTBusStop(L),Active
Hatti Chowk- Dhankawadi Hatti Chowk (L),18.468418,73.852804,Dhankawadi - Hatti Chowk (L),Active
Dhankawadi - Hatti Chowk (L),18.468439,73.852894,Dhankawadi - Hatti Chowk (L),Active
Bus - Blue Ridge HJW Chowk,18.578465,73.737159,Hinjewadi-Blue Ridge Chowk (S),Active
Bus - Blue Ridge HJW Main Gate,18.581211,73.736043,Hinjewadi-Blue Ridge Chowk (S),Active
Bus - Blue Ridge HJW T21-T22-T23,18.57456,73.74154,Hinjewadi-Blue Ridge Chowk (S),Active
Bus - Blue Ridge ICICI Bank,18.57897,73.73656,Hinjewadi-Blue Ridge Chowk (S),Active
Hinjewadi-Blue Ridge Chowk (S),18.578531,73.737019,Hinjewadi-Blue Ridge Chowk (S),Active
Hinjewadi - Mezza9 hotel (S),18.5942,73.7346,Hinjewadi - Mezza9 hotel (S),Active
Bus - Bank of Maharastra,18.5939577505955,73.7309846816494,Hinjewadi - Mezza9 hotel (S),Active
Hinjewadi-PNB Bank (S),18.5907,73.7422,Hinjewadi-PNB Bank (S),Active
Hinjewadi - Punjab National  Bank (S),18.5907,73.7422,Hinjewadi-PNB Bank (S),Active
Bus - Shivaji Chowk HJW,18.591212,73.738952,Hinjewadi - Shivaji Chowk (S),Active
Hinjewadi - Shivaji Chowk (S),18.59116,73.739114,Hinjewadi - Shivaji Chowk (S),Active
Hinjiwadi Phase I - Infosys Gate No.1 (S),18.5868,73.7363,Hinjewadi PH 1-Infy Gate-1 (S),Active
Hinjewadi PH 1-Infy Gate-1 (S),18.586848,73.736479,Hinjewadi PH 1-Infy Gate-1 (S),Active
Bus - Infosys Phase 1,18.586131,73.733974,Hinjewadi PH 1-Infy Gate-1 (S),Active
Bus - Symbiosis HJW,18.583609,73.736334,Hinjewadi PH 1-Infy Gate-1 (S),Active
Hinjewadi PH 2-Wipro Circle(S),18.5969,73.718599,Hinjewadi PH 2-Wipro Circle(S),Active
Bus - Embassy Tech Zone,18.605806,73.717265,Hinjewadi PH 2-Wipro Circle(S),Active
Hinjiwadi Phase II - Wipro Circle (S),18.5969,73.7186,Hinjewadi PH 2-Wipro Circle(S),Active
Hinjewadi-Sakhre Wasti Road(S),18.587843,73.741619,Hinjewadi-Sakhre Wasti Road(S),Active
Bus - Infosys Ph3 ( Ascendas),18.59238,73.68233,Hinjawadi PH 3-Megapolis (S),Active
Bus - Megapolis circle,18.5771298410846,73.6882328266957,Hinjawadi PH 3-Megapolis (S),Active
Bus - Megapolis Sparklet HJW,18.576829,73.681627,Hinjawadi PH 3-Megapolis (S),Active
Bus - TCS Sahyadri Park / Megapolis HJW,18.582843,73.688188,Hinjawadi PH 3-Megapolis (S),Active
Bus - SEZ Bhavan Corner,18.583805,73.693533,Hinjawadi PH 3-Megapolis (S),Active
Hinjawadi PH 3-Megapolis (S),18.5777,73.6881,Hinjawadi PH 3-Megapolis (S),Active
Kalas  - Hp Petrol pump/Banana Leaf (L),18.5757,73.8763,Kalas-Hotel Banana Leaf (L),Active
Kalas-Hotel Banana Leaf (L),18.575261,73.876525,Kalas-Hotel Banana Leaf (L),Active
Bus - Mhaske Wasti (Kalas),18.586420,73.875275,Kalas-Hotel Banana Leaf (L),Active
Bus - Kalas,18.5800461,73.8762809,Kalas-Hotel Banana Leaf (L),Active
Kalewadi-Dhondiraj Karyalay(S),18.612139,73.784322,Kalewadi-Dhondiraj Karyalay(S),Active
Bus - Tapkir Chowk,18.612146,73.78437,Kalewadi - Tapkir Chowk (S),Active
Kalewadi - Tapkir Chowk (S),18.612110,73.784348,Kalewadi - Tapkir Chowk (S),Active
Bus - Kalewadi D-Mart,18.613924,73.785090,Kalewadi - Tapkir Chowk (S),Active
Kalewadi - Lucky Bakery (S),18.619571,73.796536,Kalewadi - Lucky Bakery (S),Active
Bus - B T Memorial School,18.6196116,73.7956429,Kalewadi - Lucky Bakery (S),Active
Bus - Kalewadi,18.6151887,73.7855256,Kalewadi - Lucky Bakery (S),Active
Bus - Hotel Ambience,18.6004248,73.7753976,Kalewadi - Hotel Ambience (S),Active
Kalewadi - Hotel Ambience (S),18.6006,73.7756,Kalewadi - Hotel Ambience (S),Active
Kalewadi Phata After Signal(S),18.603411,73.777028,Kalewadi Phata After Signal(S),Active
KalewadiPhata-GreenPeasRest(S),18.602871,73.776776,KalewadiPhata-GreenPeasRest(S),Active
Bus - Kalewadi Phata,18.603327,73.777079,KalewadiPhata-GreenPeasRest(S),Active
Bus - Santosh Nagar,18.606533,73.77329,Thergaon - 16 N0 Bus stop (S),Active
Thergaon - 16 N0 Bus stop (S),18.60876,73.770846,Thergaon - 16 N0 Bus stop (S),Active
Bus - Kunal Garden,18.6115081,73.783809,Kalewadi - Pachpir Chowk (S),Active
Bus - Swiss county,18.6142,73.777088,Kalewadi - Pachpir Chowk (S),Active
Kalewadi - Pachpir Chowk (S),18.617,73.7901,Kalewadi - Pachpir Chowk (S),Active
Kalewadi - Rahatni Phata (S),18.606466,73.779903,Kalewadi - Rahatni Phata (S),Active
Bus - Rahatani Phata,18.6064241,73.7796033,Kalewadi - Rahatni Phata (S),Active
Kalyani NGR-Fortaleza Gate (L),18.5457,73.9049,Kalyani NGR-Fortaleza Gate (L),Active
Kalyani Nagar - Galande Hospital Gate- Shastrinagar chowk (L),18.5522,73.8962,Kalyani NGR-Shastri Chowk (L),Active
Bus - Kalyani Nagar,18.5525706,73.8972557,Kalyani NGR-Shastri Chowk (L),Active
Kalyani NGR-Shastri Chowk (L),18.552493,73.895641,Kalyani NGR-Shastri Chowk (L),Active
Bus - Ramwadi Naka,18.5550625,73.9059997,Kalyani NGR-Ramwadi naka (L),Active
Kalyani NGR-Ramwadi naka (L),18.5554,73.9066,Kalyani NGR-Ramwadi naka (L),Active
Karve NGR-Cummins college (L),18.486656,73.815499,Karve NGR-Cummins college (L),Active
Bus - Kakade City,18.4861545,73.8117523,Karve NGR-KakdeCityMainGate(L),Active
Bus - Karve Nagar,18.4889832,73.8142736,Karve NGR-KakdeCityMainGate(L),Active
Karve NGR-KakdeCityMainGate(L),18.4864,73.8119,Karve NGR-KakdeCityMainGate(L),Active
Karve NGR-Karve StatueBOM (L),18.5015,73.8147,Karve NGR-Karve StatueBOM (L),Active
Bus - Mayur Colony,18.502926,73.818356,Karve NGR-Karve StatueBOM (L),Active
Bus - Alankar Police Chowky,18.498193,73.826094,Karve NGR-Alankar Police St(L),Active
Karve NGR-Alankar Police St(L),18.4983,73.8261,Karve NGR-Alankar Police St(L),Active
Karve NGR-Matoshree OldAge (L),18.489186,73.825504,Karve NGR-Matoshree OldAge (L),Active
Karve NGR-KPITMahadevMandir(L),18.4868,73.8169,Karve NGR-KPITMahadevMandir(L),Active
Karve NGR-Vitthal Mandir (L),18.49,73.826,Karve NGR-Vitthal Mandir (L),Active
Karve NGR-PratidnyaHallCorn(L),18.490163,73.824624,Karve NGR-PratidnyaHallCorn(L),Active
Karve Nagar - Swapnashilp Society  Gate (L),18.4988,73.8241,Karve NGR-Swapnashilp Soc (L),Active
Karve NGR-Swapnashilp Soc (L),18.4988,73.8241,Karve NGR-Swapnashilp Soc (L),Active
Karve NGR-UnitedWesternBank(L),18.485183,73.811022,Karve NGR-UnitedWesternBank(L),Active
Bus - CME Gate (Dapodi),18.579242,73.834760,Kasarwadi - CME Main Gate (M),Active
Kasarwadi - CME Main Gate (M),18.5792,73.8347,Kasarwadi - CME Main Gate (M),Active
Kasarwadi-Near Shere Punjab(M),18.6022,73.826,Kasarwadi-Near Shere Punjab(M),Active
Bus - Kasarwadi Station (Nasik Phata),18.607146,73.8220681,Kasarwadi-Near Shere Punjab(M),Active
Bus - Sandvik Asia,18.5934898,73.8300074,Kasarwadi-Near Shere Punjab(M),Active
KaspateVasti-ChatrapatiChowk-S,18.5962,73.7739,KaspateVasti-ChatrapatiChowk-S,Active
KaspateVasti-Mankar Chowk (S),18.5901,73.7734,KaspateVasti-Mankar Chowk (S),Active
Bus - Park Street,18.5986555,73.7810732,KaspateVasti-Mankar Chowk (S),Active
Bus - Kaspate Vasti,18.596121,73.773923,KaspateVasti-Mankar Chowk (S),Active
Bus - Kaspate Chowk,18.589013,73.776863,KaspateVasti-Mankar Chowk (S),Active
Bus - Mankar Chowk,18.589990,73.772913,KaspateVasti-Mankar Chowk (S),Active
Bus - Hotel Shaurya,18.590223,73.768462,KaspateVasti-Mankar Chowk (S),Active
Bus - Katraj Junction,18.4480338,73.8586266,Katraj-Datta Ngr Bus Stop (L),Active
Bus - Wonder City,18.4496215,73.8536591,Katraj-Datta Ngr Bus Stop (L),Active
Bus - Datta Nagar,18.4504764,73.8501401,Katraj-Datta Ngr Bus Stop (L),Active
Bus - Ambegaon Budruk Highway,18.4541402,73.8377268,Katraj-Datta Ngr Bus Stop (L),Active
Katraj-Datta Ngr Bus Stop (L),18.4556,73.834,Katraj-Datta Ngr Bus Stop (L),Active
Katraj - Datta NGR Bus Stop-Potdar School (L),18.4556,73.834,Katraj-Datta Ngr Bus Stop (L),Active
Katraj-JSPM Group of India (L),18.4481,73.8585,Katraj-JSPM Group of India (L),Active
KatrajKondhwa Rd-IOC Pump (L),18.4487,73.8694,KatrajKondhwa Rd-IOC Pump (L),Active
Bus - Kondhwa Petrol Pump,18.4695375,73.8889463,KatrajKondhwa Rd-IOC Pump (L),Active
Katraj-Kondhwa Rd - Opp indian oil petrol pump near dipvandan garden (L),18.4487,73.8694,KatrajKondhwa Rd-IOC Pump (L),Active
Kondhwa-Shatrunjay Temple(L),18.4502,73.8783,Kondhwa-Shatrunjay Temple(L),Active
Katraj- RajasSociety(L),18.448038,73.863784,Katraj- RajasSociety(L),Active
Bus – Opp Rajas Society corner,18.448238,73.864121,Katraj- RajasSociety(L),Active
Bus - Methodist Church,18.5587241,73.8542224,Khadki-Opp Police station (M),Active
Bus - Khadki post office,18.5559678,73.8473345,Khadki-Opp Police station (M),Active
Bus - Khadki Station,18.5616024,73.8411117,Khadki-Opp Police station (M),Active
Bus - Ganesh Temple (Aundh Road),18.5620296,73.8368095,Khadki-Opp Police station (M),Active
Bus - Ambedkar Chowk,18.5626195,73.8302542,Khadki-Opp Police station (M),Active
Bus - Botanical Garden,18.5627619,73.8257051,Khadki-Opp Police station (M),Active
Khadki-Opp Police station (M),18.5575,73.8465,Khadki-Opp Police station (M),Active
Khadki Bazar-Bus depo (M),18.5665,73.8484,Khadki Bazar-Bus depo (M),Active
Bus - Khadki Bazaar,18.5659097,73.8491154,Khadki Bazar-Bus depo (M),Active
Bus - Jaihind cinema (khadki station east),18.563423,73.8412083,Khadki Bazar-Bus depo (M),Active
"Bus - IT Park, Bhau Patil Road",18.5669674,73.8316704,Khadki Bazar-Bus depo (M),Active
Bus - Khadki - Ayudh Chowk,18.562425,73.852318,Khadki Bazar-Bus depo (M),Active
Bus - Kharadi Reliance Mart,18.5526113,73.9373386,Kharadi-Eon IT Park Circle (L),Active
Bus - Kharadi Phata,18.562172,73.9384759,Kharadi-Eon IT Park Circle (L),Active
Kharadi-Eon IT Park Circle (L),18.551483,73.951168,Kharadi-Eon IT Park Circle (L),Active
Kharadi-Hotel Redisson Blu (L),18.554164,73.937615,Kharadi-Hotel Redisson Blu (L),Active
Bus - NIBM,18.4774646,73.9018423,Kondhwa - Jyoti Restaurant (L),Active
Bus - Kausar Bagh,18.473534,73.891232,Kondhwa - Jyoti Restaurant (L),Active
Bus- Jyoti Restaurant Kondhwa Road,18.477816,73.890383,Kondhwa - Jyoti Restaurant (L),Active
Kondhwa - Jyoti Restaurant (L),18.4779,73.8904,Kondhwa - Jyoti Restaurant (L),Active
Bus -  Pisoli-Hanuman Mandir,18.451076,73.898192,Kondhwa-Khadi Machine Chowk(L),Active
Bus -  Pisoli-Bharat Petrol Pump,18.448975,73.904788,Kondhwa-Khadi Machine Chowk(L),Active
Bus - Nyati Estate Chowk,18.467167,73.919877,Kondhwa-Khadi Machine Chowk(L),Active
Bus - Bishops School Chowk,18.458768,73.912114,Kondhwa-Khadi Machine Chowk(L),Active
Bus - Undri Chowk,18.450756,73.916134,Kondhwa-Khadi Machine Chowk(L),Active
Bus - Undri Pisoli Chowk,18.449228,73.907769,Kondhwa-Khadi Machine Chowk(L),Active
Bus - Khadi Machine Chowk,18.4521862,73.8912208,Kondhwa-Khadi Machine Chowk(L),Active
Bus - Shatrunjay Mandir,18.4505704,73.8795751,Kondhwa-Khadi Machine Chowk(L),Active
Kondhwa-Khadi Machine Chowk(L),18.4523,73.8911,Kondhwa-Khadi Machine Chowk(L),Active
Kondhwa-Konark Puram Gate (L),18.4712,73.8889,Kondhwa-Konark Puram Gate (L),Active
Kondhwa-Sheetal Petrol pump(L),18.4691,73.8886,Kondhwa-Sheetal Petrol pump(L),Active
Bus - Kondhwa sheetal petrol pump,18.469120,73.888889,Kondhwa-Sheetal Petrol pump(L),Active
Bus - Kondhwa Bank of Baroda ATM,18.459364,73.890897,Kondhwa-Sheetal Petrol pump(L),Active
Bus – Talab Factory Kondhwa,18.462883,73.889681,Kondhwa-Sheetal Petrol pump(L),Active
Bus - German Bakery (Koregaon Park),18.539541,73.887591,Koregaon Park-Koyla Rest (L),Active
Koregaon Park-Koyla Rest (L),18.5396,73.8946,Koregaon Park-Koyla Rest (L),Active
Kothrud - Badhai Sweets (L),18.501868,73.805039,Kothrud - Badhai Sweets (L),Active
"Bus - Badhai Sweets, Kothrud",18.5020398,73.804918,Kothrud - Badhai Sweets (L),Active
Bus - Ashish Garden,18.5023578,73.8020373,Kothrud - Badhai Sweets (L),Active
Bus - Bandal Capital,18.507837,73.795248,Kothrud - Bandal Capital (L),Active
Bus - Bhusari Colony,18.508373351217,73.7902089839454,Kothrud - Bandal Capital (L),Active
Kothrud - Bandal Capital (L),18.5079,73.7952,Kothrud - Bandal Capital (L),Active
Kothrud - Bhelke Nagar-Telephone Exchange (L),18.5018,73.8101,Kothrud-Telephone Exchange (L),Active
Kothrud-Telephone Exchange (L),18.5018,73.8101,Kothrud-Telephone Exchange (L),Active
Bus - Hotel Mirch Masala,18.493104,73.815046,Kothrud - Dahanukar Circle (L),Active
Bus - Dahanukar Corner,18.4953323,73.8132758,Kothrud - Dahanukar Circle (L),Active
Bus - Kothrud PMPML Bus Stop,18.4997658,73.813662,Kothrud - Dahanukar Circle (L),Active
Kothrud - Dahanukar Circle (L),18.4952,73.8133,Kothrud - Dahanukar Circle (L),Active
Kothrud - Eklavya Collage (L),18.503,73.7961,Kothrud - Eklavya Collage (L),Active
Kothrud - Gujarat Colony-Sutar Clinic (L),18.50409,73.80773,Kothrud-Sutar Clinic (L),Active
Kothrud-Sutar Clinic (L),18.504055,73.807744,Kothrud-Sutar Clinic (L),Active
Bus - Sahajanand Society,18.496202,73.802002,Kothrud-Mahatma CHS Gate (L),Active
Kothrud-Mahatma CHS Gate (L),18.496808,73.800084,Kothrud-Mahatma CHS Gate (L),Active
Kothrud - Opp Karishma (L),18.504059,73.821158,Kothrud - Opp Karishma (L),Active
Kothrud-Shanti Ban society (L),18.503061,73.797565,Kothrud-Shanti Ban society (L),Active
Kothrud-Woodlands Soc Gate (L),18.4981,73.8044,Kothrud-Woodlands Soc Gate (L),Active
Kothrud - Shivaji Statue (L),18.5021,73.8134,Kothrud - Shivaji Statue (L),Active
Kothrud- Shivaji Statue (L),18.5021,73.8134,Kothrud - Shivaji Statue (L),Active
Bus - Karve Putala,18.5020856,73.8153142,Kothrud - Shivaji Statue (L),Active
Bus - Shivaji Putala,18.5021365,73.8134367,Kothrud - Shivaji Statue (L),Active
Lakdi Pool-Garware School (L),18.5133,73.8408,Lakdi Pool-Garware School (L),Active
Lakdi Pool Corner - Lakdi Pool-Garware School (L),18.5133,73.8408,Lakdi Pool-Garware School (L),Active
Lohegaon-Khese Park Stop (L),18.5871,73.9124,Lohegaon-Khese Park Stop (L),Active
Bus - Airport Terminal,18.578149,73.907834,Lohegaon-Khese Park Stop (L),Active
Bus - Lohegaon,18.595788,73.9245928,Lohegaon - Police Chowky (L),Active
Bus - Sparsh Hospital,18.597326,73.912335,Lohegaon - Police Chowky (L),Active
Bus - Vidya Nagar,18.5753985,73.8993693,Lohegaon - Police Chowky (L),Active
Lohegaon - Police Chowky (L),18.5961,73.9248,Lohegaon - Police Chowky (L),Active
Bibwewadi-Gangadham Chowk (L),18.481242,73.875414,Bibwewadi-Gangadham Chowk (L),Active
Bus - Gangadham,18.4807462,73.8723058,Bibwewadi-Gangadham Chowk (L),Active
Bus - Vasant Bagh,18.4808887,73.8611908,Bibwewadi-Gangadham Chowk (L),Active
Lullanagar-Mt Carmel School(L),18.4842,73.8848,Lullanagar-Mt Carmel School(L),Active
Lullanagar-Netaji NGR gate(L),18.4882,73.893,Lullanagar-Netaji NGR gate(L),Active
Bus - Wanawadi Corner,18.498972,73.895856,Lullanagar-Netaji NGR gate(L),Active
Bus - Netaji Nagar,18.4882506,73.8930339,Lullanagar-Netaji NGR gate(L),Active
Bus - Gera Junction,18.4858696,73.8890214,Lullanagar-Netaji NGR gate(L),Active
Bus - Lulla Nagar,18.4834631,73.8811893,Lullanagar-Netaji NGR gate(L),Active
Bus - AFMC,18.506398,73.890139,Magarpatta-Ranka Jewellers(L),Active
Bus - Magarpatta Season Mall,18.5187596147024,73.9326563995253,Magarpatta-Ranka Jewellers(L),Active
Bus - Magar Patta South Gate,18.5146178977967,73.9325634216181,Magarpatta-Ranka Jewellers(L),Active
Magarpatta-Ranka Jewellers(L),18.5025,73.9274,Magarpatta-Ranka Jewellers(L),Active
Bus - Amanora Park Town Gate,18.518764,73.932696,Magarpatta City-Main Gate (L),Active
Magarpatta City-Main Gate (L),18.514702,73.932248,Magarpatta City-Main Gate (L),Active
Magarpatta City main Gate (L),18.514702,73.932248,Magarpatta City-Main Gate (L),Active
Malwadi - Ganpati Matha (L),18.4757,73.7957,Malwadi - Ganpati Matha (L),Active
Malwadi-Last Bus Stop (L),18.4804,73.8012,Malwadi-Last Bus Stop (L),Active
Market Yard-Suraj Hospital(L),18.481,73.8726,Market Yard-Suraj Hospital(L),Active
Bus - Laxmi Chowk HJW,18.599674,73.734882,Marunji - Laxmi Chowk (S),Active
Bus - Hotel Mezza9 HJW,18.593982,73.735101,Marunji - Laxmi Chowk (S),Active
Marunji - Laxmi Chowk (S),18.5998,73.7346,Marunji - Laxmi Chowk (S),Active
Bus - Jambhe,18.638294,73.719642,Marunji-Life Republic (S),Active
Bus - Life Republic,18.616054,73.709281,Marunji-Life Republic (S),Active
Bus - Life Republic Main Gate,18.61614,73.709339,Marunji-Life Republic (S),Active
Bus - Marunji Gaon,18.612616,73.715106,Marunji-Life Republic (S),Active
Marunji - Life Republic-Kolte Patil (S),18.6185,73.7112,Marunji-Life Republic (S),Active
Marunji-Life Republic (S),18.6185,73.7112,Marunji-Life Republic (S),Active
Bus - Xerbia Township,18.606610,73.687201,Marunji-Life Republic (S),Active
Bus - Xrbia,18.604415,73.688985,Marunji-Life Republic (S),Active
Bus - Mundhwa Passport Office,18.531087,73.913692,Mundhva - Passport Office(L),Active
Mundhva - Passport Office(L),18.530858,73.913408,Mundhva - Passport Office(L),Active
Bus - Sainath Nagar Chowk,18.539879,73.934523,Mundhva - Passport Office(L),Active
Mundhva- Passport Office(L),18.531068,73.914532,Mundhva - Passport Office(L),Active
Bus - Sai Balaji Complex Mundhwa,18.527642,73.949678,Mundhwa-Hadapsar Flyover (L),Active
Mundhwa-Hadapsar Flyover (L),18.502532,73.92747,Mundhwa-Hadapsar Flyover (L),Active
Mundhwa-Post Office (L),18.53432,73.92866,Mundhwa-Post Office (L),Active
Bus - Pride Icon,18.543561,73.935285,Mundhwa-Post Office (L),Active
Bus - Pingale Vasti,18.530535,73.910516,Mundhwa-RajashreeshauSchool(L),Active
Bus - Z Corner Keshav Nagar,18.526281,73.954966,Mundhwa-RajashreeshauSchool(L),Active
Bus - Maharastra Gramin Bank Manjari Road,18.529672,73.944564,Mundhwa-RajashreeshauSchool(L),Active
Bus - Keshav Nagar chowk,18.532081,73.937014,Mundhwa-RajashreeshauSchool(L),Active
Mundhwa-RajashreeshauSchool(L),18.5348,73.9291,Mundhwa-RajashreeshauSchool(L),Active
Nalstop-Telephone Exchange (L),18.508,73.8303,Nalstop-Telephone Exchange (L),Active
Bus - Nal Stop,18.5086275,73.831268,Nalstop-Telephone Exchange (L),Active
Bus - Mehendale Garage,18.5047004,73.8314611,Nalstop-Telephone Exchange (L),Active
Nana peth-Modern Bakery(L),18.5155,73.8689,Nana peth-Modern Bakery(L),Active
Sinhgad Road - Nanded City Main Gate (L),18.457,73.801,NandedCity-Main gate (L),Active
Bus - Nanded City Entrance,18.456931,73.800964,NandedCity-Main gate (L),Active
NandedCity-Main gate (L),18.457118,73.801503,NandedCity-Main gate (L),Active
Bus - Nanded City Sarang Society Main Gate,18.455288,73.787247,NandedCity-Pawar School(L),Active
Bus - Nanded City,18.459404,73.786694,NandedCity-Pawar School(L),Active
NandedCity-Pawar School(L),18.459767,73.787955,NandedCity-Pawar School(L),Active
Narayan Peth-NMV Highschool(L),18.5149,73.8538,Narayan Peth-NMV Highschool(L),Active
Narhe -Zeal college(L),18.446531,73.826569,Narhe - Zeal College(L),Active
Narhe - Zeal College(L),18.446548,73.826423,Narhe - Zeal College(L),Active
Bus - Zeal College Narhe,18.446482,73.826391,Narhe - Zeal College(L),Active
Bus - Bhumkar Nagar,18.448906,73.833382,Narhe - Zeal College(L),Active
Bus - Bhumkar Nagar Chowk Left,18.448996,73.833633,Narhe - Zeal College(L),Active
Bus - Navale Bridge,18.459424,73.823911,Narhe-Navale Hospital (L),Active
Narhe-Navale Hospital (L),18.452743,73.824029,Narhe-Navale Hospital (L),Active
Bus - Nashik Phata Bridge,18.606647,73.822199,Nashik Phata-Signal (M),Active
Nashik Phata-Signal (M),18.6073,73.8222,Nashik Phata-Signal (M),Active
Bus - Lokmanya Nagar,18.5051887,73.8448293,Navi Peth-Alka talkies corn(L),Active
Bus - Alka Talkies,18.5122596,73.8437135,Navi Peth-Alka talkies corn(L),Active
Bus - Nilayam Talkies,18.503042,73.8507838,Navi Peth-Alka talkies corn(L),Active
Bus - S P College,18.5077526,73.8505263,Navi Peth-Alka talkies corn(L),Active
Navi Peth-Alka talkies corn(L),18.5123,73.8433,Navi Peth-Alka talkies corn(L),Active
Navi Peth - LB Shastri Road-Kaka Halawai (L),18.5065,73.8444,Navi Peth-Kaka Halawai (L),Active
Navi Peth-Kaka Halawai (L),18.5065,73.8444,Navi Peth-Kaka Halawai (L),Active
Nda Gate - Kondhve Dhavade (L),18.455954,73.768506,Nda Gate - Kondhve Dhavade (L),Active
Bus - Kondhwa Gate,18.454403,73.766961,Nda Gate - Kondhve Dhavade (L),Active
NDA Gate- Kondhve Dhavade (L),18.454409,73.766833,Nda Gate - Kondhve Dhavade (L),Active
New Sanghvi  - Kate puram chowk (S),18.586,73.8162,New Sanghvi-KatePuram Chowk(S),Active
Bus - St Thomas Church,18.582942,73.824563,New Sanghvi-KatePuram Chowk(S),Active
Bus - Narmada Karyalaya,18.580532,73.820486,New Sanghvi-KatePuram Chowk(S),Active
Bus - Katepuram,18.5860156,73.8162745,New Sanghvi-KatePuram Chowk(S),Active
New Sanghvi-KatePuram Chowk(S),18.586,73.8162,New Sanghvi-KatePuram Chowk(S),Active
New Sanghvi-Krishna Bazaar (S),18.5817,73.8155,New Sanghvi-Krishna Bazaar (S),Active
New Sanghvi  - Krishna Bazaar (S),18.5817,73.8155,New Sanghvi-Krishna Bazaar (S),Active
New Sanghvi-Sai Chowk (S),18.5789,73.816,New Sanghvi-Sai Chowk (S),Active
Bus - Sangavi Water Tank,18.5754493,73.8153411,New Sanghvi-Sai Chowk (S),Active
Bus - Sai Chowk (Sangavi),18.5789274,73.8160706,New Sanghvi-Sai Chowk (S),Active
Bus - Krishna Chowk,18.5818868,73.8155342,New Sanghvi-Sai Chowk (S),Active
New Sanghvi  - Sai Chowk Sanghvi (S),18.5789,73.816,New Sanghvi-Sai Chowk (S),Active
Nibm-Nibm Road-Main Gate (L),18.477089,73.89666,Nibm-Nibm Road-Main Gate (L),Active
NIBM - Nibm Road-Main gate (L),18.477035,73.896731,Nibm-Nibm Road-Main Gate (L),Active
Nigdi-Bhakti Shakti Chowk (M),18.6645,73.7727,Nigdi-Bhakti Shakti Chowk (M),Active
Bus - Appu Ghar,18.661629,73.765197,Nigdi-Bhakti Shakti Chowk (M),Active
Bus - Ranna Hospital chowk,18.667163,73.780374,Nigdi-Bhakti Shakti Chowk (M),Active
"Bus - Bhakti Shakti, Nigdi",18.6640978,73.7729193,Nigdi-Bhakti Shakti Chowk (M),Active
Bus - Sambhaji Chowk,18.649145,73.770752,Nigdi-Bhakti Shakti Chowk (M),Active
"Bus - Bhel Chowk, Nigdi",18.6557524,73.7714065,Nigdi-Kohinoor Arcade (M),Active
Nigdi-Kohinoor Arcade (M),18.658914,73.777251,Nigdi-Kohinoor Arcade (M),Active
Old Sanghvi-Dhore NGR stop(M),18.575567,73.816732,Old Sanghvi-Dhore NGR stop(M),Active
Old Sanghvi-Shitoley Chowk (M),18.5715,73.8178,Old Sanghvi-Shitoley Chowk (M),Active
Bus - Shitole Nagar,18.576209,73.819885,Old Sanghvi-Shitoley Chowk (M),Active
Bus - Old Sangavi,18.575213,73.825927,Old Sanghvi-ST colony stop (S),Active
Old Sanghvi-ST colony stop (S),18.5752,73.8257,Old Sanghvi-ST colony stop (S),Active
Park street-Society gate (S),18.598635,73.781106,Park street-Society gate (S),Active
Parvati - Mukundnagar corner-Laxminarayan Theater (L),18.4961,73.858,Parvati-LaxminarayanTheater(L),Active
Bus - City Pride (Satara Road),18.4871109,73.8576288,Parvati-LaxminarayanTheater(L),Active
Parvati-LaxminarayanTheater(L),18.4961,73.858,Parvati-LaxminarayanTheater(L),Active
Pashan-Mont-Vert Corner (M),18.540657,73.784848,Pashan-Mont-Vert Corner (M),Active
"Pashan - Mont-Vert corner, link road, near (Honda service station) (M)",18.5447,73.7801,Pashan-Mont-Vert Corner (M),Active
Pashan - NCL Colony (M),18.539732,73.814693,Pashan - NCL Colony (M),Active
Pashan-Circle Gol Market (M),18.5375,73.7962,Pashan-Circle Gol Market (M),Active
Bus - Patrakar Nagar,18.5254009,73.8296319,Pashan-Circle Gol Market (M),Active
Bus - Vetal Chowk,18.5290225,73.8299001,Pashan-Circle Gol Market (M),Active
Bus - Chaturshrungi,18.5393474,73.8297928,Pashan-Circle Gol Market (M),Active
Bus - Panchavati Corner,18.5390829,73.8094188,Pashan-Circle Gol Market (M),Active
Bus - Paud Phata,18.5059111,73.8252384,Paud RD-Anand NGR Entrance (L),Active
Bus - Anand Nagar (Paud Road),18.5096042,73.8144667,Paud RD-Anand NGR Entrance (L),Active
Paud RD-Anand NGR Entrance (L),18.5096,73.8141,Paud RD-Anand NGR Entrance (L),Active
Paud RD-Ishanya Apartments (L),18.5083,73.7902,Paud RD-Ishanya Apartments (L),Active
Paud RD-Krishna Hospital (L),18.5095,73.812699,Paud RD-Krishna Hospital (L),Active
Paud Road - More Vidyalaya (L),18.5102,73.8204,Paud Road - More Vidyalaya (L),Active
Bus - SNDT,18.5069387,73.8279743,Paud Road - SNDT Bus Stop (L),Active
Bus - Law College,18.5154744,73.8288111,Paud Road - SNDT Bus Stop (L),Active
Bus - Symbiosis College,18.5223287,73.8292993,Paud Road - SNDT Bus Stop (L),Active
Bus - CDSS,18.502442,73.828629,Paud Road - SNDT Bus Stop (L),Active
Paud Road - SNDT Bus Stop (L),18.5073,73.8283,Paud Road - SNDT Bus Stop (L),Active
Paud RD-Union BankOfIndia (L),18.5075,73.8074,Paud RD-Union BankOfIndia (L),Active
Bus - Gandhi Lawns,18.5006332,73.8245303,Paud Road - Vanaz Corner (L),Active
Bus - Karishma,18.504212,73.8212151,Paud Road - Vanaz Corner (L),Active
Bus - Wonder Futura,18.498342,73.789206,Paud Road - Vanaz Corner (L),Active
Bus - Vanaz,18.5073965,73.8076753,Paud Road - Vanaz Corner (L),Active
Bus - Shastri Nagar Police Chowky,18.5069234,73.802901,Paud Road - Vanaz Corner (L),Active
Bus - Kothrud Depot,18.5078925,73.7947632,Paud Road - Vanaz Corner (L),Active
Bus - Westend Village (Paud Road),18.5083401,73.7903,Paud Road - Vanaz Corner (L),Active
Paud Road - Vanaz Corner (L),18.5077,73.8081,Paud Road - Vanaz Corner (L),Active
Pimple Gurav-Main bus stop (S),18.593,73.8187,Pimple Gurav-Main bus stop (S),Active
Bus - Pimple Gurav Bus Stand,18.5934898,73.8190532,Pimple Gurav-Main bus stop (S),Active
Bus - Kalpataru Estate,18.602334,73.81716,Pimple Gurav-Main bus stop (S),Active
Bus - Srushti Chowk,18.5969065,73.8172079,Pimple Gurav-Srushti Hotel (S),Active
Pimple Gurav-Srushti Hotel (S),18.5969,73.8171,Pimple Gurav-Srushti Hotel (S),Active
Bus - Sudarshan Nagar,18.599333,73.812056,Pimple Gurav-Srushti Hotel (S),Active
Pimple Nilakh-PMT Bus Stop (S),18.5722,73.794,Pimple Nilakh-PMT Bus Stop (S),Active
Bus - Rakshak Chowk,18.5822936,73.7975741,Pimple Nilakh-PMT Bus Stop (S),Active
Bus - Hotel Swaraj Garden,18.5994385,73.8077021,pimpleSaudagar-GovindGarden(S),Active
Bus - Ganeesham,18.597598,73.8052345,pimpleSaudagar-GovindGarden(S),Active
Bus - Govind Garden Chowk,18.597433,73.802397,pimpleSaudagar-GovindGarden(S),Active
Bus - Jagtap Dairy,18.592338,73.785340,pimpleSaudagar-GovindGarden(S),Active
Bus - Tushar Gardens,18.594944,73.8039792,pimpleSaudagar-GovindGarden(S),Active
Bus - Hotel Govind Garden,18.5955236,73.8022626,pimpleSaudagar-GovindGarden(S),Active
Bus - Ganesham Society,18.597598,73.805234,pimpleSaudagar-GovindGarden(S),Active
pimpleSaudagar-GovindGarden(S),18.5958,73.8021,pimpleSaudagar-GovindGarden(S),Active
PimpleSaudagar-Kate Pump(S),18.5925,73.8035,PimpleSaudagar-Kate Pump(S),Active
"Bus - IOCL Petrol Pump, Rahatani",18.6007401,73.8027991,PimpleSaudagar-Kate Pump(S),Active
Bus - Kate Pimple Bridge,18.6007401,73.8027991,PimpleSaudagar-Kate Pump(S),Active
Bus - Shiv Mandir,18.6019196,73.7992371,PimpleSaudagar-Kate Pump(S),Active
Bus - Rahatani Chowk,18.6027941,73.7961257,PimpleSaudagar-Kate Pump(S),Active
Bus - Vasant Avenue,18.6014518,73.7948061,PimpleSaudagar-Kate Pump(S),Active
Bus - Sindhu Park,18.5997537,73.7929714,PimpleSaudagar-Kate Pump(S),Active
Bus - Tushar Residency,18.5961337,73.7890447,PimpleSaudagar-Kate Pump(S),Active
Bus - Konkane chowk,18.5972685729,73.7903610447,Pimple Saudagar-KonkaneChwk(S),Active
Bus - Nisarg Nirman,18.597150,73.790523,Pimple Saudagar-KonkaneChwk(S),Active
Pimple Saudagar-KonkaneChwk(S),18.59714,73.790426,Pimple Saudagar-KonkaneChwk(S),Active
Pimple Saudagar - Kunal Ikon-Dwarka diesh Sales office (S),18.5941,73.7916,Pimple Saudagar-Kunal Ikon (S),Active
Pimple Saudagar-Kunal Ikon (S),18.5941,73.7916,Pimple Saudagar-Kunal Ikon (S),Active
Bus - Deepmala,18.5972828,73.7902785,Pimple Saudagar-Kunal Ikon (S),Active
Bus - Hotel Shivar Garden,18.5953202,73.7881971,Pimple Saudagar-Kunal Ikon (S),Active
Bus - Kunal Icon,18.5935508,73.794613,Pimple Saudagar-Kunal Ikon (S),Active
Bus - Roseland,18.5935508,73.794613,Pimple Saudagar-Kunal Ikon (S),Active
Bus - Rajveer Palace,18.5931848,73.7984217,Pimple Saudagar-Kunal Ikon (S),Active
Bus - Lakshwadeep palace,18.5930627,73.7998915,Pimple Saudagar-Kunal Ikon (S),Active
Bus - Sai Ram Petrol Pump,18.5925746,73.8038827,Pimple Saudagar-Kunal Ikon (S),Active
PimpleSaudagar-PlanetMille(S),18.593,73.8006,PimpleSaudagar-PlanetMille(S),Active
PimpleSaudagar-RajGardenHallS),18.5911,73.8038,PimpleSaudagar-RajGardenHallS),Active
Pimpri - Ambedkar Chowk (M),18.626327,73.805625,Pimpri - Ambedkar Chowk (M),Active
Bus - Kharalwadi Bus Stop,18.623681,73.808156,Pimpri - Ambedkar Chowk (M),Active
Pimpri-Ashok theatre Chowk (S),18.6149,73.804100,Pimpri-Ashok theatre Chowk (S),Active
Pimpri - Deluxe chowk (S),18.6202,73.8014,Pimpri - Deluxe chowk (S),Active
Pimpri-Nav Maha College (S),18.611197,73.802051,Pimpri-Nav Maha College (S),Active
Bus - Pimpri Nav Maharashtra,18.611820,73.803918,Pimpri-Nav Maha College (S),Active
Nehru NGR-SantoshiMataChowk(M),18.6298,73.8199,Nehru NGR-SantoshiMataChowk(M),Active
Bus - Pimpri Chowk,18.6261795,73.8055993,Nehru NGR-SantoshiMataChowk(M),Active
Bus - Pimpri Station,18.6240241,73.8002349,Nehru NGR-SantoshiMataChowk(M),Active
Bus - Pimpri Deluxe Theatre,18.619463,73.800862,Nehru NGR-SantoshiMataChowk(M),Active
Pimpri - Nehru Nagar-Santoshi mata chowk (M),18.6298,73.819899,Nehru NGR-SantoshiMataChowk(M),Active
Pimpri - PCMC Main Bulding (S),18.6096,73.8007,Pimpri - PCMC Main Bulding (M),Active
Pimpri - PCMC Main Bulding (M),18.628169,73.804418,Pimpri - PCMC Main Bulding (M),Active
Pimpri - Sai Chowk (S),18.6202,73.8038,Pimpri - Sai Chowk (S),Active
Pimpri - Sant Tukaram Nagar-fire brigade (M),18.6226,73.818,Pimpri-ST NGR-Fire Brigade (M),Active
Bus - Sant Tukaram Nagar,18.6229057,73.8181949,Pimpri-ST NGR-Fire Brigade (M),Active
Bus - Nehru Nagar,18.6296972,73.8195253,Pimpri-ST NGR-Fire Brigade (M),Active
Bus - Zero Boyz Chowk,18.6327777,73.8198686,Pimpri-ST NGR-Fire Brigade (M),Active
Pimpri-ST NGR-Fire Brigade (M),18.6226,73.818,Pimpri-ST NGR-Fire Brigade (M),Active
Pimpri - Shagun chowk (S),18.6222,73.8019,Pimpri - Shagun Chowk (S),Active
Pimpri - Tapovan Mandir (S),18.6153,73.8008,Pimpri - Tapovan mandir (S),Active
"Bus - Big India Chowk, Nigdi",18.656230,73.765229,Pradhikaran-AppuGharCorner (M),Active
Pradhikaran-AppuGharCorner (M),18.666,73.7642,Pradhikaran-AppuGharCorner (M),Active
Pradhikaran - Bhel Chowk (S),18.6559,73.7712,Pradhikaran - Bhel Chowk (S),Active
Bus - Lokmanya Hospital (Nigdi),18.6557524,73.7734879,Pradhikaran - Bhel Chowk (S),Active
Bus - Nigdi Junction (Flyover),18.6590459,73.7773824,Pradhikaran - Bhel Chowk (S),Active
Bus - Yamuna Nagar Corner,18.6641384,73.7865341,Pradhikaran - Bhel Chowk (S),Active
Bus - Yamuna Nagar,18.6640978,73.7729193,Pradhikaran - Bhel Chowk (S),Active
Pradhikaran - Nigdi Big India (M),18.6562,73.7653,Pradhikaran-NigdiBig India (S),Active
Pradhikaran-NigdiBig India (S),18.656096,73.765347,Pradhikaran-NigdiBig India (S),Active
Pradhikaran-Sambhaji Chowk (S),18.6491,73.7706,Pradhikaran-Sambhaji Chowk (S),Active
Pulgate-Pulgate Petrol Pump(L),18.5063,73.884,Pulgate-Pulgate Petrol Pump(L),Active
Bus - Pulgate,18.5049878,73.8822944,Pulgate-Pulgate Petrol Pump(L),Active
Bus - Punawala bridge Under Pass,18.634614,73.741016,Punawale-LotusBusinesSchool(M),Active
Punawale-LotusBusinesSchool(M),18.634170,73.740615,Punawale-LotusBusinesSchool(M),Active
Punawale-Sai Petrol Pump (M),18.6394,73.7384,Punawale-Sai Petrol Pump (M),Active
Bus - DSK Kunjaban (kateVasti),18.621063,73.735591,Punawale-Sai Petrol Pump (M),Active
Bus - Pyramid Residency,18.621948,73.731267,Punawale-Sai Petrol Pump (M),Active
Bus - Koyte Vasti,18.631088,73.737865,Punawale-Sai Petrol Pump (M),Active
Bus - Siddhashila Eira,18.63399,73.733762,Punawale-Sai Petrol Pump (M),Active
Bus - Vidhane Farm,18.63865,73.722002,Punawale-Sai Petrol Pump (M),Active
Pune Station-Coconut Grove (L),18.5256,73.8672,Pune Station-Coconut Grove (L),Active
Bus - Juna Bazaar Chowk,18.527829,73.863381,Pune Station-RTO Bus Stop (L),Active
Bus - RTO,18.529561,73.863191,Pune Station-RTO Bus Stop (L),Active
Pune Station-RTO Bus Stop (L),18.5303,73.8643,Pune Station-RTO Bus Stop (L),Active
Pune station-Sadhu Vaswani (L),18.5249,73.8767,Pune station-Sadhu Vaswani (L),Active
Bus - B J Medical College Ground,18.519602,73.875401,Pune Station-AmbedkarBhavan(L),Active
Bus - Sasoon Hospital,18.524055,73.870047,Pune Station-AmbedkarBhavan(L),Active
Bus - Maldhakka,18.525502,73.867472,Pune Station-AmbedkarBhavan(L),Active
Pune Station-AmbedkarBhavan(L),18.5257,73.8722,Pune Station-AmbedkarBhavan(L),Active
Pune Station - Sohrab Hall (L),18.5308,73.8756,Pune Station - Sohrab Hall (L),Active
Bus - Pune Station - Sohrab Hall,18.53055,73.87555,Pune Station - Sohrab Hall (L),Active
Bus - Hotel Sheraton Grand,18.52959,73.87136,Pune Station - Sohrab Hall (L),Active
Rahatni - Hotel Sitara (S),18.6047,73.7871,Rahatni - Hotel Sitara (S),Active
Rakshak Chowk-Rakshak Chowk(S),18.5827,73.7972,Rakshak Chowk-Rakshak Chowk(S),Active
Rakshak Chowk - Rakshak Society (S),18.582,73.7977,Rakshak Chowk-Rakshak Chowk(S),Active
Rasta Peth - Mseb Building (L),18.51948,73.868298,Rasta Peth - Mseb Building (L),Active
Rasta Peth  - MSEB building (L),18.519606,73.868101,Rasta Peth - Mseb Building (L),Active
Ravet - Lotus Shoppe Ravet (S),18.643353,73.753357,Ravet - Lotus Shoppe Ravet (S),Active
Bus - Mangal Kalash Road,18.649437,73.754262,Ravet - Lotus Shoppe Ravet (S),Active
Ravet - Nano Homes (S),18.643155,73.750657,Ravet - Nano Homes (S),Active
Bus - Dy Patil College,18.646124,73.758620,Ravet - Nano Homes (S),Active
Ravet- Nano Homes (S),18.643117,73.750729,Ravet - Nano Homes (S),Active
Bus - Ankush Chowk,18.666437,73.776482,Rupe NGR-TriveniNagarCorner(M),Active
Bus - Triveni Nagar,18.6681839,73.7856007,Rupe NGR-TriveniNagarCorner(M),Active
Rupe NGR-TriveniNagarCorner(M),18.668165,73.785446,Rupe NGR-TriveniNagarCorner(M),Active
Bus - Bhikardas Maruti,18.5082613,73.8536806,Sadashiv Peth-Alka talkies(L),Active
Bus - Appa Balwant Chowk,18.5164892,73.8538147,Sadashiv Peth-Alka talkies(L),Active
Sadashiv Peth-Alka talkies(L),18.5131,73.843799,Sadashiv Peth-Alka talkies(L),Active
Sadashiv Peth-S P College (L),18.5082,73.8497,Sadashiv Peth-S P College (L),Active
SalunkeVihar-Telephone Exch(L),18.4798,73.9017,SalunkeVihar-Telephone Exch(L),Active
Bus - Oxford Village,18.4835394,73.9006514,SalunkeVihar-Telephone Exch(L),Active
Sangamwadi -Bus Stop (L),18.537453,73.863276,Sangamwadi - Bus Stop (L),Active
Sangamwadi - Bus Stop (L),18.539369,73.864665,Sangamwadi - Bus Stop (L),Active
Bus - Sangamwadi Bridge Corner,18.531896,73.853624,Sangamwadi - Bus Stop (L),Active
Bus - Sangavi Phata,18.5737001,73.8064361,Sangvi phata-Sangvi phata (S),Active
Sangvi phata-Sangvi phata (S),18.5738,73.8069,Sangvi phata-Sangvi phata (S),Active
SB Road - Opp Hotel Sahara (L),18.537,73.8304,SB Road - Opp Hotel Sahara (L),Active
SB Road-Symbiosys SBI Bank (L),18.5218,73.8293,SB Road-Symbiosys SBI Bank (L),Active
Shakarnagar - Bhapkar Petrol Pump (L),18.4887,73.8572,SahkarNGR-Bhapkar Pump(L),Active
SahkarNGR-Bhapkar Pump(L),18.489711,73.857707,SahkarNGR-Bhapkar Pump(L),Active
Bus - Sarang Society,18.489759,73.849820,SahkarNGR-GajananMandir(L),Active
Bus - Gajanan Maharaj math Sahakar Nagar,18.4925,73.8498,SahkarNGR-GajananMandir(L),Active
SahkarNGR-GajananMandir(L),18.492552,73.849836,SahkarNGR-GajananMandir(L),Active
Shakarnagar - Gajanan Maharaj Mandir Chowk (L),18.4925,73.8498,SahkarNGR-GajananMandir(L),Active
Shakarnagar - Mitramandal Chouk (L),18.4973,73.8541,SahkarNGR-MitramandalChouk(L),Active
SahkarNGR-MitramandalChouk(L),18.497384,73.854089,SahkarNGR-MitramandalChouk(L),Active
Bus - Mitramandal Chowk,18.497269,73.854051,SahkarNGR-MitramandalChouk(L),Active
SahkarNGR-Rawat Brothers (L),18.480969,73.856938,SahkarNGR-Rawat Brothers (L),Active
Shakarnagar - Rawat Brothers (L),18.480969,73.856938,SahkarNGR-Rawat Brothers (L),Active
SahkarNGR-Vivekanand Chowk(L),18.477056,73.857124,SahkarNGR-Vivekanand Chowk(L),Active
Bus - Vinkar Sabhagruh,18.474462,73.853389,SahkarNGR-Vivekanand Chowk(L),Active
Bus - Date Stop,18.479889,73.850414,SahkarNGR-Vivekanand Chowk(L),Active
Bus - Gandhi training College,18.485482,73.849955,SahkarNGR-Vivekanand Chowk(L),Active
Shakarnagar - Vivekanand Chowk (L),18.4745,73.8563,SahkarNGR-Vivekanand Chowk(L),Active
ShaniwarPeth-PrabhatTalkies(L),18.5167,73.8541,ShaniwarPeth-PrabhatTalkies(L),Active
Shaniwarwada-Maha House(L),18.5197,73.8545,Shaniwarwada-Maha House(L),Active
Bus - Shaniwar Wada,18.519999,73.8545335,Shaniwarwada-Maha House(L),Active
Deccan-Hotel Savera (L),18.5229,73.8411,Deccan-Hotel Savera (L),Active
Shivaji Nagar - Deccan-Hotel Savera (L),18.5229,73.8411,Deccan-Hotel Savera (L),Active
Shivaji NGR-E Square (L),18.537299,73.835421,Shivaji NGR-E Square (L),Active
Shivaji Nagar - E Square-Petrol Pump (L),18.5389,73.8338,Shivaji NGR-E Square (L),Active
Bus - Mhasoba gate,18.5314232,73.8445772,Shivaji NGR-E Square (L),Active
Bus - Model Colony Chowk,18.5345258,73.8391483,Shivaji NGR-E Square (L),Active
Bus - E Square,18.5375266,73.835522,Shivaji NGR-E Square (L),Active
Bus - Fergusson College,18.5269472,73.842249,Shivaji NGR-FC main gate (L),Active
Bus - Dnyaneshwar Paduka Chowk,18.526937,73.8423026,Shivaji NGR-FC main gate (L),Active
Shivaji NGR-FC main gate (L),18.5228,73.8409,Shivaji NGR-FC main gate (L),Active
Bus - Engineering College,18.529923,73.856029,Shivaji NGR-HardikarHospita(L),Active
Shivaji NGR-HardikarHospita(L),18.5306,73.8473,Shivaji NGR-HardikarHospita(L),Active
Shivaji NGR-Kamgar Putala (L),18.528138,73.857582,Shivaji NGR-Kamgar Putala (L),Active
Shivaji NGR-Central Mall (L),18.5348,73.8387,Shivaji NGR-Central Mall (L),Active
Shivaji Nagar - Model Colony-Pune Central mall (L),18.5348,73.8387,Shivaji NGR-Central Mall (L),Active
Shivaji NGR-Post Office (L),18.5303,73.8492,Shivaji NGR-Post Office (L),Active
Shivaji Nagar - Telephone Exhange-Post Office (L),18.5303,73.8492,Shivaji NGR-Post Office (L),Active
Bus-Deshmukhwadi Stop,18.466884,73.779376,Shivane - Shivne bus stop (L),Active
Shivane - Shivne bus stop (L),18.466522,73.783163,Shivane - Shivne bus stop (L),Active
Shukrawar Peth-Hotel Ganraj(L),18.509168,73.853865,Shukrawar Peth-Hotel Ganraj(L),Active
Shukrawar Peth-Phule Mandai(L),18.5134,73.8561,Shukrawar Peth-Phule Mandai(L),Active
Bus - Anand Nagar (Sinhagad Road),18.478400,73.824081,Sinhgad RD-Santosh Hall (L),Active
Bus - Lokmat Office,18.457856,73.806633,Sinhgad RD-Santosh Hall (L),Active
Sinhgad RD-Santosh Hall (L),18.4777,73.8235,Sinhgad RD-Santosh Hall (L),Active
Bus - Sun City,18.47514,73.81593,Sinhgad RD-Santosh Hall (L),Active
Sinhgad Road - Anand Nagar-Santosh Hall (L),18.4777,73.8235,Sinhgad RD-Santosh Hall (L),Active
Sinhgad RD-Hotel Vishwas (L),18.4634,73.8191,Sinhgad RD-Hotel Vishwas (L),Active
"Sinhgad Road - Before bridge, Hotel Vishwas (L)",18.4634,73.8191,Sinhgad RD-Hotel Vishwas (L),Active
Bus - Manik baug,18.4732772,73.8215906,Sinhgad RD-Manik Baug (L),Active
Sinhgad RD-Manik Baug (L),18.4727,73.8215,Sinhgad RD-Manik Baug (L),Active
Sinhgad Road - Manik Baug-Pushpak Mangal Karyalay (L),18.4727,73.8215,Sinhgad RD-Manik Baug (L),Active
Sinhgad RD-NirmiteeShowroom(L),18.4987,73.8419,Sinhgad RD-NirmiteeShowroom(L),Active
Sinhgad RD-Suncity corner (L),18.4753,73.8162,Sinhgad RD-Suncity corner (L),Active
Bus - Vitthalwadi,18.4837938,73.827588,Sinhagad RD-VitthalWadi SBI(L),Active
Bus - Ganesh Mala,18.4961056,73.8384563,Sinhagad RD-VitthalWadi SBI(L),Active
Bus - Dattawadi,18.4962073,73.8384885,Sinhagad RD-VitthalWadi SBI(L),Active
Sinhagad RD-VitthalWadi SBI(L),18.481729,73.825755,Sinhagad RD-VitthalWadi SBI(L),Active
Sinhgad Road - Vitthal Wadi SBI Branch (L),18.481993,73.826190,Sinhagad RD-VitthalWadi SBI(L),Active
Somwar Peth-NarpatgiriChowk(L),18.5229,73.8675,Somwar Peth-NarpatgiriChowk(L),Active
Bus - KEM Hospital,18.5200646200195,73.8678013651105,Somwar Peth-NarpatgiriChowk(L),Active
Sopan Baug Corner (L),18.5132,73.9037,Sopan Baug Corner (L),Active
Bus - Sopan Baug Corner (ASPT),18.5063918,73.9069707,Sopan Baug Corner (L),Active
Sukhsagar Nagar-Lake View (L),18.457272,73.868905,Sukhsagar Nagar-Lake View (L) ,Active
SusRD-AbhinavKala Vidyalaya(S),18.5454,73.7788,SusRD-AbhinavKala Vidyalaya(S),Active
Sus Road - Balaji Mandir (S),18.5424,73.7903,Sus Road - Balaji Mandir (S),Active
Bus - Athashri,18.548410,73.791142,Sus Road - Balaji Mandir (S),Active
Bus - Windows Apartments,18.5537580694145,73.7492579537758,Sus Road - Pashankar Auto (S),Active
Sus Road - Pashankar Auto (S),18.548,73.7733,Sus Road - Pashankar Auto (S),Active
"Bus - Sutarwadi, Highway",18.5386659,73.7810732,Sus Road - Pashankar Auto (S),Active
"Bus - Nissan Auto, Highway",18.5475561,73.7733484,Sus Road - Pashankar Auto (S),Active
Bus - Abhinav College,18.545432,73.777835,Sus Road - Pashankar Auto (S),Active
Bus - ARDE Colony,18.5308433,73.7920702,Sus Road - Pashankar Auto (S),Active
Bus - Sus Gaon,18.553318,73.753966,Sus Road - Pashankar Auto (S),Active
Bus - Hotel Western Park,18.552332,73.759816,Sus Road - Pashankar Auto (S),Active
Bus - Ravi Nagar,18.548458,73.768425,Sus Road - Pashankar Auto (S),Active
Bus - Abhimanshree Soc (Pashan Road),18.5400391,73.8177658,Sus Road - Sai Chowk (S),Active
Bus - Pashan Circle,18.5377606,73.796233,Sus Road - Sai Chowk (S),Active
Bus - Sus Road Dutta Mandir,18.54113,73.792892,Sus Road - Sai Chowk (S),Active
Bus - Balaji Temple,18.5425211,73.7900103,Sus Road - Sai Chowk (S),Active
Bus - Sai Chowk (Sus Road),18.5435281,73.7850428,Sus Road - Sai Chowk (S),Active
Sus Road - Sai Chowk (S),18.5434,73.7855,Sus Road - Sai Chowk (S),Active
Bus - IBM Golibar Maidan,18.5020983,73.8753635,Swargate-Seven Loves Chowk (L),Active
Bus - Hotel Seven Loves,18.5013658,73.8691945,Swargate-Seven Loves Chowk (L),Active
Bus - Swargate,18.5005569,73.858412,Swargate-Seven Loves Chowk (L),Active
Swargate-Seven Loves Chowk (L),18.501,73.8693,Swargate-Seven Loves Chowk (L),Active
Swargate - Saras Baugh-Sanas ground (L),18.5043,73.8536,Swargate-Sanas Ground (L),Active
Bus - Sarasbaug,18.5013022,73.8539488,Swargate-Sanas Ground (L),Active
Bus - Parvati,18.4994835,73.8504941,Swargate-Sanas Ground (L),Active
Bus - Walvekar Nagar,18.481428,73.8571138,Swargate-Sanas Ground (L),Active
Bus - Padmavati,18.4743762,73.8562233,Swargate-Sanas Ground (L),Active
Bus - Taware Bakery,18.4746306,73.853187,Swargate-Sanas Ground (L),Active
Bus - Aranyeshwar,18.4791792,73.8505585,Swargate-Sanas Ground (L),Active
Bus - Sahakar Nagar,18.4898175,73.8498182,Swargate-Sanas Ground (L),Active
Bus - Shahu College,18.4927275,73.8484985,Swargate-Sanas Ground (L),Active
Swargate-Sanas Ground (L),18.503358,73.853668,Swargate-Sanas Ground (L),Active
Tathwade-Balaji Law College(S),18.626722,73.756005,Tathwade-Balaji Law College(S),Active
Bus-Tathawade Chowk,18.628727,73.754241,Tathwade-Balaji Law College(S),Active
Tathwade -  Balaji Law College (S),18.627270,73.756527,Tathwade-Balaji Law College(S),Active
Vadgaon BK-Funtime Theatre (L),18.468595,73.819845,Vadgaon BK-Funtime Theatre (L),Active
Vadgaon Budruk- Funtime Theatre (L),18.468313,73.819820,Vadgaon BK-Funtime Theatre (L),Active
Swargate - Varadshree Hall (L),18.5105,73.8539,Swargate - Varadshree Hall (L),Active
Swargate-Vega Centre (L),18.4997,73.8627,Swargate-Vega Centre (L),Active
Tathwade-IndiraCollage Gate(S),18.612,73.7496,Tathwade-IndiraCollage Gate(S),Active
Tathwade-JSPM Main Gate(S),18.6202,73.7467,Tathwade-JSPM Main Gate(S),Active
Bus - Nano Spaces,18.643169,73.750637,Tathwade-JSPM Main Gate(S),Active
Bus - Tathwade-JSPM Main Gate,18.620060,73.746794,Tathwade-JSPM Main Gate(S),Active
Thergaon-AdityBirlaHospital(S),18.626,73.7756,Thergaon-AdityBirlaHospital(S),Active
Bus - Rosewood Hotel,18.6167,73.7671,Thergaon-Rosewood Hotel (S),Active
Thergaon-Rosewood Hotel (S),18.6167,73.7671,Thergaon-Rosewood Hotel (S),Active
Bus - Vidya Nagar- 509 bus stop,18.575444,73.899251,Tingre NGR-509 Bus Stop (L),Active
Tingre NGR-509 Bus Stop (L),18.5755,73.8993,Tingre NGR-509 Bus Stop (L),Active
Tingre Nagar - Anup Bakery (L),18.5743,73.8906,Tingre Nagar - Anup Bakery (L),Active
Tingre Nagar - Kekan gas (L),18.5749,73.8953,Tingre Nagar - Kekan gas (L),Active
Bus - Tingare Nagar kekan gas,18.574716,73.895278,Tingre Nagar - Kekan gas (L),Active
Bus - Tingare Nagar,18.573812,73.8885117,Tingre NGR-Sanjay Park Corn(L),Active
Tingre NGR-Sanjay Park Corn(L),18.5755,73.8993,Tingre NGR-Sanjay Park Corn(L),Active
Tingre NGR-SawantPetrolPump(L),18.5734,73.8845,Tingre NGR-SawantPetrolPump(L),Active
University Circle  - University Circle  Bus stop after flyover (M),18.5492,73.8245,University Circle- Bus Stop(M),Active
Bus - University Circle,18.5421345,73.8286448,University Circle- Bus Stop(M),Active
Bus - Corporation,18.5232748,73.8542975,University Circle- Bus Stop(M),Active
University Circle- Bus Stop(M),18.542039,73.829049,University Circle- Bus Stop(M),Active
Bus-Ahire Gate NDA,18.464453,73.773568,Uttamnagar - Ahire Gate (L),Active
Uttamnagar - Ahire Gate (L),18.4642,73.7736,Uttamnagar - Ahire Gate (L),Active
Uttamnagar-Telephone Exch (L),18.4596,73.7711,Uttamnagar-Telephone Exch (L),Active
Bus - Uttam Nagar,18.4605211,73.7723774,Uttamnagar-Telephone Exch (L),Active
Vadgaon BK-Indian Hume Pipe(L),18.470585,73.820562,Vadgaon BK-Indian Hume Pipe(L),Active
Vadgaonsheri-Brahma Suncity(L),18.549,73.9184,Vadgaonsheri-Brahma Suncity(L),Active
Vadgaosheri-SaharaResturant(L),18.5605,73.9183,Vadgaosheri-SaharaResturant(L),Active
Vadgaosheri-Somnath Mandir (L),18.5586,73.9212,Vadgaosheri-Somnath Mandir (L),Active
Vimanagar - Novotel Hotel (L),18.5591,73.9113,Vimanagar - Novotel Hotel (L),Active
Vimanagar-Symbiosis (SIMC) (L),18.5652,73.9079,Vimanagar-Symbiosis (SIMC) (L),Active
Bus - Viman Nagar Corner,18.5608396,73.9182735,Vimanagar-Symbiosis (SIMC) (L),Active
Bus - Weikfield,18.5585919,73.9115251,Vimanagar-Symbiosis (SIMC) (L),Active
Bus - Symbiosis Vimannagar,18.565145,73.906992,Vimanagar-Symbiosis (SIMC) (L),Active
Bus - Vishal Nagar,18.5882935,73.7837983,Vishal Nagar-Hotel Akshat (S),Active
Vishal Nagar-Hotel Akshat (S),18.5883,73.7837,Vishal Nagar-Hotel Akshat (S),Active
Vishal Nagar-DP raod Corner(S),18.588524,73.779859,Vishal Nagar-DP raod Corner(S),Active
Bus - Savitri Bai Phule Udyan,18.590144,73.779501,Vishal Nagar-DP raod Corner(S),Active
Bus - Nandgude High School,18.584164,73.782382,Vishal Nagar-DP raod Corner(S),Active
Bus - Prateek Nagar,18.5725204,73.8784481,VishrantWadi-Prateek Nagar (L),Active
VishrantWadi-Prateek Nagar (L),18.5683,73.8797,VishrantWadi-Prateek Nagar (L),Active
Vishrant Wadi - RTO (L),18.5569,73.8757,Vishrant Wadi - RTO (L),Active
Bus - Central Jail,18.5639815015979,73.885053741508,Vishrant Wadi - RTO (L),Active
Bus - Vishrantwadi,18.5725204,73.8784481,VishrantWadi-Chowk (L),Active
VishrantWadi-Chowk (L),18.5724,73.8785,VishrantWadi-Chowk (L),Active
Kondhwa-VIT hostel (L),18.458099,73.878052,Kondhwa-VIT hostel (L),Active
Bus - Mont Vert Tropez,18.595307,73.768408,Wakad - Mont Vert Corner (S),Active
Wakad - Mont Vert Corner (S),18.60288,73.764677,Wakad - Mont Vert Corner (S),Active
Bus - Wakad Public School,18.5922187,73.7624908,Wakad - Corporation School (S),Active
Wakad - Corporation School (S),18.5923,73.7624,Wakad - Corporation School (S),Active
Bus - Wakad Flyover,18.591899,73.754609,Wakad - Corporation School (S),Active
Wakad - Datta Mandir (S),18.596242,73.763771,Wakad - Datta Mandir (S),Active
Bus - Alpha Hospital,18.598726,73.763706,Wakad - Datta Mandir (S),Active
Bus - Wakad Dutta Mandir,18.596223,73.76372,Wakad - Datta Mandir (S),Active
Bus - Ozone Spring,18.594871,73.763477,Wakad - Datta Mandir (S),Active
Wakad - Hotel Soundarya (S),18.5911,73.7517,Wakad - Hotel Soundarya (S),Active
Bus - Hinjawadi Royal Mirage,18.594449,73.747909,Wakad - Hotel Soundarya (S),Active
Wakad - Mauli Chowk (s),18.597900,73.763785,Wakad - Mauli Chowk (S),Active
Wakad - Shiv colony gate (S),18.6101,73.7653,Wakad - Shiv colony gate (S),Active
Bus - Shiv Colony,18.607815,73.765039,Wakad - Shiv colony gate (S),Active
Bus - Capriccio,18.6029364,73.7647224,Wakad - Shiv colony gate (S),Active
Bus - Costa Rica,18.601111,73.764142,Wakad - Shiv colony gate (S),Active
Wakad-Whisling Palms Gate (S),18.5899,73.7749,Wakad-Whisling Palms Gate (S),Active
Wakad- Life Point Hospital (S),18.597667,73.755444,Wakad-Life Point Hospital (S),Active
Wakad-Life Point Hospital (S),18.597616,73.755454,Wakad-Life Point Hospital (S),Active
WakdeWadi-BUBhandari (L),18.5476,73.8517,WakdeWadi-BUBhandari (L),Active
Walekarwadi-ChinchwadeFarms(M),18.6332,73.7679,Walekarwadi-ChinchwadeFarms(M),Active
Bus - Walhekarwadi (Hotel New Wood),18.63314,73.76795,Walekarwadi-ChinchwadeFarms(M),Active
Walhekarwadi - Chinchwade Farms Gate (L),18.6332,73.7679,Walekarwadi-ChinchwadeFarms(M),Active
Walekarwadi-Palika School (M),18.6356,73.7608,Walekarwadi-Palika School (M),Active
Walhekarwadi - Nagar Palika School (L),18.6356,73.7608,Walekarwadi-Palika School (M),Active
Wanowrie-AnusuyaEnclave CHS(L),18.4922,73.8979,Wanowrie-AnusuyaEnclave CHS(L),Active
Wanowrie-Jambhulkar chowk (L),18.497062,73.900223,Wanowrie-Jambhulkar chowk (L),Active
Bus - Jambhulkar Chowk,18.495014,73.900094,Wanowrie-Jambhulkar chowk (L),Active
Bus - Sacred Heart Town,18.4900007,73.8999755,Wanowrie-Jambhulkar chowk (L),Active
Bus - Bahiroba Nala,18.5065851,73.8984305,Wanowrie-Jambhulkar chowk (L),Active
Wanowrie-Kedari Petrol Pump(L),18.4866,73.8986,Wanowrie-Kedari Petrol Pump(L),Active
Warje-Aaditya Graden City (L),18.49072,73.79036,Warje-Aaditya Graden City (L),Active
Warje - Popular Junction (L),18.485,73.7984,Warje - Popular Junction (L),Active
Bus - Popular Nagar,18.4850555,73.7986738,Warje - Popular Junction (L),Active
Bus - Atul Nagar,18.4863173,73.7967212,Warje - Popular Junction (L),Active
Bus - Runwal Meadows,18.4878639,73.794511,Warje - Popular Junction (L),Active
Bus - Aditya Garden City,18.4908859,73.7905092,Warje - Popular Junction (L),Active
Warje-Runwal Meadows Gate (L),18.488005,73.794334,Warje-Runwal Meadows Gate (L),Active
Warje - Warje Naka (L),18.4849,73.8109,Warje - Warje Naka (L),Active
Bus - Warje Flyover,18.4802934,73.8041885,Warje - Warje Naka (L),Active
Bus - Universal Showroom,18.4840087,73.8101315,Warje - Warje Naka (L),Active
Warje - Wonder funkey (L),18.498601,73.789510,Warje - Wonder funkey (L),Active
"Warje Malwadi - Warje Malwadi Naka, After bridge (L)",18.4849,73.8107,Warje Naka-After bridge (L),Active
Bus - Malwadi,18.4757042,73.7956805,Warje Naka-After bridge (L),Active
Warje Naka-After bridge (L),18.479609,73.805164,Warje Naka-After bridge (L),Active
Yamuna NGR-Kanhaiya sweets (M),18.6643,73.7864,Yamuna NGR-Kanhaiya sweets (M),Active
Yamuna NGR-Lic YamunaNGR (M),18.6619,73.7812,Yamuna NGR-Lic YamunaNGR (M),Active
Yamuna Nagar - LIC  Yamunanagar (M),18.6619,73.7812,Yamuna NGR-Lic YamunaNGR (M),Active
Yerawada-BEG bus stop (L),18.5482,73.8718,Yerawada-BEG bus stop (L),Active
Bus - Shadal Baba Dargah,18.5441735066797,73.8781423972763,Yerawada-BEG bus stop (L),Active
Bus - Phule Nagar,18.5570001,73.8754762,Yerawada-BEG bus stop (L),Active
Bus - Golf Course,18.5526011,73.889488,Yerawada-Golf Club circle (L),Active
Bus - Nagpur Chawl,18.5638502,73.8933719,Yerawada-Golf Club circle (L),Active
Bus - Ganesh Nagar (Yerwada),18.552901,73.886805,Yerawada-Golf Club circle (L),Active
Bus - Ambedkar Nagar,18.552819,73.879773,Yerawada-Golf Club circle (L),Active
Yerawada-Golf Club circle (L),18.553,73.8895,Yerawada-Golf Club circle (L),Active
Yerawada - Gunjan Theatre (L),18.547,73.8887,Yerawada - Gunjan Theatre (L),Active
Bus - Gunjan Talkies,18.5458656400567,73.8887988887142,Yerawada - Gunjan Theatre (L),Active
Sus Road-Supreme HQ (S),18.558469,73.775012,Sus Road-Supreme HQ (S),Active
SUS Road- Krishna Medical near Supreme HQ (S),18.558469,73.775012,Sus Road-Supreme HQ (S),Active
Khadki-Martyr Cemetery (L),18.551991,73.856792,Khadki - Martyr Cemetery (L),Active
Bus - Bombay Sappers,18.5509228,73.8675154,Khadki - Martyr Cemetery (L),Active
Bus - Holkar Bridge,18.5556219,73.861357,Khadki - Martyr Cemetery (L),Active
Bus - Khadki War Cemetery,18.5526113,73.8566578,Khadki - Martyr Cemetery (L),Active
Bus - Mula Road,18.5492954,73.8548983,Khadki - Martyr Cemetery (L),Active
Bus - Central Hatchery,18.5490309,73.8511003,Khadki - Martyr Cemetery (L),Active
Khadki - Martyr Cemetery (L),18.552734,73.856766,Khadki - Martyr Cemetery (L),Active
Hinjewadi-TCG Gate,18.593253,73.70792,Hinjewadi-TCG Gate,Active
Bus - Tinsel Town,18.586636,73.699784,Hinjewadi-TCG Gate,Active
Bus - TCG HJW,18.591891,73.707323,Hinjewadi-TCG Gate,Active
Hinjewadi Infosys-II Gate-1 (TCG gate),18.593382,73.707916,Hinjewadi-TCG Gate,Active
Ravet- LIVE FIT GYM CORNER (S),18.650233,73.751557,Ravet-Live Fit Gym Corner (S),Active
Ravet-Live Fit Gym Corner (S),18.65024,73.751521,Ravet-Live Fit Gym Corner (S),Active
Aundh- Sakal Nagar Corner(M),18.550020,73.809523,Aundh- Sakal Nagar Corner(M),Active
Infosys PH-2 Gate-4 (S),18.597851,73.713359,Infosys PH-2 Gate-4 (S),Active
Bus - Infosys Bus Bay Phase 2,18.593463,73.707892,Infosys PH-2 Gate-4 (S),Active
Bus - Ghorpadi,18.5292055,73.9061714,Ghorpadi- War Memorial (L),Active
Ghorpadi- War Memorial (L),18.522997,73.889032,Ghorpadi- War Memorial (L),Active
Bus - National War Memorial,18.523059,73.889001,Ghorpadi- War Memorial (L),Active
Ghotawde Phata-Calyx Navyangan,18.516742,73.666035,Ghotawde Phata-Calyx Navyangan,Active
Baner-Ganraj Mangal Hall (M),18.5641,73.7769,Baner-Ganraj Mangal Hall (M),Active
Bus - Baner D-Mart,18.5666756667281,73.7695685629997,Baner-Ganraj Mangal Hall (M),Active
Bus - Beverly Hills,18.558116,73.774807,Baner-Ganraj Mangal Hall (M),Active
Bus - Supreme Pallacio,18.559916,73.783776,Baner-Ganraj Mangal Hall (M),Active
Bus - Ganaraj Mangal Karyalaya,18.564209,73.776916,Baner-Ganraj Mangal Hall (M),Active
Bus - Supriya Classic,18.565958,73.771552,Baner-Ganraj Mangal Hall (M),Active
Bus - Celestial City,18.655599,73.735870,Ravet-Celestial City Corner(M),Active
Bus - Kiwale Adarsh Nagar bus stop,18.664676,73.739893,Ravet-Celestial City Corner(M),Active
Ravet-Celestial City Corner(M),18.655672,73.736031,Ravet-Celestial City Corner(M),Active
Bus - Sentosa WaterPark,18.6532213,73.7334479,Ravet-Celestial City Corner(M),Active
Bavdhan-Zinnea Appt gate (M),18.508236,73.780088,Bavdhan-Zinnea Appt gate (M),Active
Bus - Crystal Honda,18.5221863,73.7697864,Bavdhan-Zinnea Appt gate (M),Active
Baner - Kalamkar Chowk (M),18.558563,73.776531,Baner - Kalamkar Chowk (M),Active
Viman Nagar - Opp Dorabjee (L),18.568801,73.906748,Viman Nagar - Opp Dorabjee (L),Active
Bus - Dorabjee Market,18.568823,73.906878,Viman Nagar - Opp Dorabjee (L),Active
Bus - Rohan Mithila,18.572431,73.907362,Viman Nagar - Opp Dorabjee (L),Active
Bus - Gangapuram Mhada,18.568240,73.910905,Viman Nagar - Opp Dorabjee (L),Active
Bus - Vimannagar Chopati,18.574656,73.912569,Viman Nagar - Opp Dorabjee (L),Active
Bus - Symbiosis Law School,18.575346,73.907791,Viman Nagar - Opp Dorabjee (L),Active
Bus - Jagtap Mangal Karyalaya,18.666884635,73.8893806695,Dighi-GajananMaharaj Stop (L),Active
Bus - Charholi Phata,18.6616709111,73.8866112334,Dighi-GajananMaharaj Stop (L),Active
Bus - Wadmukhwadi (Alandi Road),18.6538934748,73.8842074326,Dighi-GajananMaharaj Stop (L),Active
Bus - Saibaba Temple (Alandi Road),18.6418333224,73.8779808079,Dighi-GajananMaharaj Stop (L),Active
Dighi-GajananMaharaj Stop (L),18.632104,73.872901,Dighi-GajananMaharaj Stop (L),Active
Dighi - Gajanan Maharaj Bus Stop (L),18.632058,73.872898,Dighi-GajananMaharaj Stop (L),Active
Bhosari - Shashtri Chowk (L),18.624429,73.857997,Bhosari - Shashtri Chowk (L),Active
Bus - Shastri Chowk,18.6244485261802,73.857983218851,Bhosari - Shashtri Chowk (L),Active
Bus - Datta Nagar chowk Ambegaon BK,18.449744,73.849621,Katraj-Datta NGR Wondercity(L),Active
Bus - Sai siddhi chowk,18.448924,73.843085,Katraj-Datta NGR Wondercity(L),Active
Katraj-Datta NGR Wondercity(L),18.449589,73.853811,Katraj-Datta NGR Wondercity(L),Active
Chinchwad-Gawade Pump (M),18.630053,73.792736,Chinchwad-Gawade Pump (M),Active
Kharadi-By Pass-Hotel Tulsi(L),18.562149,73.938484,Kharadi-By Pass-Hotel Tulsi(L),Active
Bus - Janak Baba Dargah,18.56472,73.9435,Kharadi-By Pass-Hotel Tulsi(L),Active
Bavdhan-Chellaram Hospital (M),18.518012,73.768771,Bavdhan-Chellaram Hospital (M),Active
"Bus - HEMRL, Highway",18.5282798,73.7777472,Bavdhan-Chellaram Hospital (M),Active
Spine Road-Spine City Mall (L),18.649819,73.839231,Spine Road-Spine City Mall (L),Active
Bus - Samrajya complex,18.647348,73.850410,Spine Road-Spine City Mall (L),Active
Bus - Spine City Mall,18.649726,73.839523,Spine Road-Spine City Mall (L),Active
Bus - Spine Road - CHC Chikhali Road Junction,18.6627662,73.8138605,Spine Road-Spine City Mall (L),Active
Marunji-Katraj Milk Corner (S),18.623526,73.712521,Marunji-Katraj Milk Corner (S),Active
Bus - Life Republic R4 Corner,18.623281,73.712438,Marunji-Katraj Milk Corner (S),Active
Bhoirwadi-TCS Circle (S),18.582358,73.685612,Bhoirwadi-TCS Circle (S),Active
Hinjewadi PH3-Shell Pump (S),18.587353,73.701384,Hinjewadi PH3-Shell Pump (S),Active
Marunji-Bank of Maharashtra(S),18.610205,73.719863,Marunji-Bank of Maharashtra(S),Active
Bus - Marunji-City Hospital,18.606896,73.723642,Marunji-Bank of Maharashtra(S),Active
Bus - Marunji (Bank of Maharashtra),18.6127766067216,73.7143235715642,Marunji-Bank of Maharashtra(S),Active
Ravet-Creative Academy (M),18.649677,73.761765,Ravet-Creative Academy (M),Active
Pimpri-AnnasahebMagarStdium(M),18.63717,73.82147,Pimpri-AnnasahebMagarStdium(M),Active
Baner - Opp NEXA Service (S),18.559875,73.769162,Baner - Opp NEXA Service (S),Active
Salunkhe Vihar-BankofIndia (L),18.481168,73.904508,Salunkhe Vihar-BankofIndia (L),Active
Bus - Salunke Vihar,18.481255,73.903620,Salunkhe Vihar-BankofIndia (L),Active
Ghorpadi-Mahalxmi Temple (L),18.517445,73.902283,Ghorpadi-Mahalxmi Temple (L),Active
NandedCity-Eco Park Garden (L),18.455301,73.785163,NandedCity-Eco Park Garden (L),Active
Bibwewadi-Balaji Amruttulya(L),18.463142,73.865135,Bibwewadi-Balaji Amruttulya(L),Active
Wanowri-PunjabNationalBank (L),18.482548,73.893184,Wanowri-PunjabNationalBank (L),Active
PimpleGurav-OmSaiTea corner(M),18.602328,73.817037,PimpleGurav-OmSaiTea corner(M),Active
Narhe-SwamiNarayanTemple (L),18.443082,73.837206,Narhe-SwamiNarayanTemple (L),Active
Bus - Swaminaryan Temple,18.4431220609264,73.8372521355397,Narhe-SwamiNarayanTemple (L),Active
Bus - Dihghi Dutta Nagar,18.622731,73.874269,Dighi-DattaNGR MedPlusMedi (L),Active
Dighi-DattaNGR MedPlusMedi (L),18.622444,73.874152,Dighi-DattaNGR MedPlusMedi (L),Active
Punawale-18 Latitude Mall (M),18.623492,73.732132,Punawale-18 Latitude Mall (M),Active
Bus - 18 Latitude Mall,18.6235192259626,73.7321642158394,Punawale-18 Latitude Mall (M),Active
Bus - Koyate Chowk Punawale,18.6309600574924,73.7378427195496,Punawale-18 Latitude Mall (M),Active
Kothrud-ShivtirthVadaCenter(L),18.512483,73.808848,Kothrud-ShivtirthVadaCenter(L),Active
Bhosari-JaiGanesh Samrajya (L),18.64691,73.85027,Bhosari-JaiGanesh Samrajya (L),Active
Bus - Moshi Phata,18.679359,73.849190,Bhosari-JaiGanesh Samrajya (L),Active
Bus - Moshi Gaon,18.676928,73.849767,Bhosari-JaiGanesh Samrajya (L),Active
Bus - Bankar Wasti,18.671020,73.848370,Bhosari-JaiGanesh Samrajya (L),Active
Bus - Borate Wasti,18.665647,73.848704,Bhosari-JaiGanesh Samrajya (L),Active
Bus - Moshi Jakat Naka,18.661642,73.848539,Bhosari-JaiGanesh Samrajya (L),Active
Bus - Gandharva Nagri,18.653669,73.849159,Bhosari-JaiGanesh Samrajya (L),Active
Bus - Moshi Toll Plaza,18.686907,73.846653,Bhosari-JaiGanesh Samrajya (L),Active
Indrayni NGR-Hotel Haveli (L),18.63439,73.84959,Indrayni NGR-Hotel Haveli (L),Active
Bus - Landge road spine road junction,18.647269,73.845574,Indrayni NGR-Hotel Haveli (L),Active
Bus - Indrayani Nagar,18.637601,73.844512,Indrayni NGR-Hotel Haveli (L),Active
Bus - Sant Dyaneshwar Stadium,18.632493,73.840242,Indrayni NGR-SidhivinaykCHK(L),Active
Bus - Indrayani corner,18.628906,73.833403,Indrayni NGR-SidhivinaykCHK(L),Active
Indrayni NGR-SidhivinaykCHK(L),18.642589,73.845306,Indrayni NGR-SidhivinaykCHK(L),Active
PimpleSaudagar-JeevanJyoti (S),18.59977,73.792933,PimpleSaudagar-JeevanJyoti (S),Active
Shivane-Harishkumar Shopee (L),18.469141,73.78664,Shivane-Harishkumar Shopee (L),Active
Bus - Shivane-Harishkumar Shopee,18.469188,73.786774,Shivane-Harishkumar Shopee (L),Active
Punawale-Pulse Hospital (S),18.637294,73.750365,Punawale-Pulse Hospital (S),Active
Baner-Lifecare Medico (S),18.551695,73.772060,Baner-Lifecare Medico (S),Active
Kondhwa-BK Toughened Glass (L),18.464588,73.889809,Kondhwa-BK Toughened Glass (L),Active
Ravet-Sentosa Resorts (S),18.65292,73.7338,Ravet-Sentosa Resorts (S),Active
VadgaonSheri-BollywoodSpice(L),18.546557,73.930238,VadgaonSheri-BollywoodSpice(L),Active
Tathwade- Akshara School (S),18.608782,73.745478,Tathwade- Akshara School (S),Active
VadgaonSheri-AnandPark Stop(L),18.55271,73.92543,VadgaonSheri-AnandPark Stop(L),Active
Hinjewadi-Green Olive CHS (S),18.586829,73.739403,Hinjewadi-Green Olive CHS (S),Active
Katraj-DuttaNGR Under Pass (L),18.450596,73.851237,Katraj-DuttaNGR Under Pass (L),Active
Yerawada-Sangamwadi Corner(L),18.544859,73.87714,Yerawada-Sangamwadi Corner(L),Active
Marunji-Bharat Medical (S),18.602925,73.731161,Marunji-Bharat Medical (S),Active
Bus - Bharat Medical Marunji,18.602916,73.731147,Marunji-Bharat Medical (S),Active
Wakad-Garve Hyundai (S),18.599751,73.754016,Wakad-Garve Hyundai (S),Active
OOB-Wagholi-Samrudhi Sweets(L),18.577998,73.995023,OOB-Wagholi-Samrudhi Sweets(L),Active
Kiwale-Aadarsh NGR BusStop (S),18.664846,73.739821,Kiwale-Aadarsh NGR BusStop (S),Active
Bus - Kiwale Purandare Colony,18.663618,73.738263,Kiwale-Aadarsh NGR BusStop (S),Active
Bus - Sonigara Presidency Corner,18.664082,73.745392,Kiwale-Aadarsh NGR BusStop (S),Active
Bus - Sukhwani Artize,18.662543,73.750404,Kiwale-Aadarsh NGR BusStop (S),Active
Punawale-ServiceRoadDominos(S),18.640036,73.738337,Punawale-ServiceRoadDominos(S),Active
Maan Road - Joyville (OOB),18.568513,73.721978,Maan Road - Joyville (OOB),Active
Magarapatta-Konark Icon (L),18.523511,73.932084,Magarapatta-Konark Icon (L),Active
Bus - Bakori Phata,18.58979,73.99757,Wagholi-WagheshwarTempleOOB(L),Active
Bus - Kesnand Phata (Wagholi),18.58154,73.98673,Wagholi-WagheshwarTempleOOB(L),Active
Bus - Khandve Nagar,18.57294,73.95657,Wagholi-WagheshwarTempleOOB(L),Active
Wagholi-WagheshwarTempleOOB(L),18.580633,73.979081,Wagholi-WagheshwarTempleOOB(L),Active
Bus - Wagheshwar Temple bus stop,18.580633,73.979081,Wagholi-WagheshwarTempleOOB(L),Active
Hinjewadi - Kasturi Chowk (S),18.599731,73.744690,Hinjewadi - Kasturi Chowk (S),Active
Lohegaon - Kalwad Wasti (L),18.585306,73.905137,Lohegaon - Kalwad Wasti (L),Active
Kondhwa - Rajyog Lawns (L),18.468120,73.876271,Kondhwa - Rajyog Lawns (L),Active
Jagtap Dairy Signal (S),18.592095,73.784965,Jagtap Dairy Signal (S),Active
Xrbia-Township Marunji OOB (M),18.604512,73.688961,Xrbia-Township Marunji OOB (M),Active
Kharadi - Fortune House (L),18.559086,73.950463,Kharadi - Fortune House (L),Active
Viman Nagar - 10 Biz Park (L),18.575083,73.909689,Viman Nagar - 10 Biz Park (L),Active
DehuRoad-Ordnance factory (M),18.678395,73.737560,DehuRoad-Ordnance factory (M),Active
Ravet -Yashashree Hospital (M),18.653754,73.743987,Ravet -Yashashree Hospital (M),Active
Punawale-Dmart Ready (M),18.626731,73.738021,Punawale-Dmart Ready (M),Active
Bhosari - Bhosari Garden (M),18.643645,73.831137,Bhosari - Bhosari Garden (M),Active
Wanowrie-Bank of Maha (L),18.500568,73.900636,Wanowrie-Bank of Maha (L),Active
BTKawade-Kalubai Chowk (L),18.506478,73.906947,BTKawade-Kalubai Chowk (L),Active
Vibgyor school Mgrpatta (L),18.518287,73.919219,Vibgyor school Mgrpatta (L),Active
Moshi - Bharat Mata Chowk (L),18.679398,73.849202,Moshi - Bharat Mata Chowk (L),Active
Charholi SaiTirupati Greens(L),18.645530,73.880308,Charholi SaiTirupati Greens(L),Active
Charholi Bk Tapkir Chowk (L),18.653991,73.884208,Charholi Bk Tapkir Chowk (L),Active
Charholi Phata signal (L),18.661756,73.886564,Charholi Phata signal (L),Active
Bus - Chovisawadi Fata,18.657350,73.885803,Charholi Phata signal (L),Active
Bus - Balaji Mandir (Alandi RD),18.646795,73.880812,Charholi Phata signal (L),Active
Charholi Sairaj Karayalay(L),18.666571,73.889265,Charholi Sairaj Karayalay(L),Active
Punawale-Koyate wasti Chowk(M),18.631094,73.737764,Punawale-Koyate wasti Chowk(M),Active
Lohegaon-PrideWorldCityOOB (L),18.622654,73.916062,Lohegaon-PrideWorldCityOOB (L),Active
Lohegaon - Jijau Chowk (L),18.602588,73.909658,Lohegaon - Jijau Chowk (L),Active
Wagholi-KhandveNGR ChowkOOB(L),18.572106,73.955183,Wagholi-KhandveNGR ChowkOOB(L),Active
Wagholi-Kesnand Phata OOB(L),18.581628,73.986726,Wagholi-Kesnand Phata OOB(L),Active
Mansavi Soci DattanagarOOB(L),18.449158,73.842182,Mansavi Soci DattanagarOOB(L),Active
Indrayni NGR-Vedant App Corner,18.631921,73.843070,Indrayni NGR-Vedant App Corner,Active
Khadki Ordnance FactoryClub(L),18.570516,73.862285,Khadki Ordnance FactoryClub(L),Active
PimpleSaudagar-ShivarGarden(S),18.595142,73.788132,PimpleSaudagar-ShivarGarden(S),Active
Wagholi-Pawarwasti stopOOB(VL),18.591017,73.949952,Wagholi-Pawarwasti stopOOB(VL),Active
Ambegaon Potdar Int School (L),18.455712,73.834406,Ambegaon Potdar Int School (L),Active
Marunji-VIBGYOR School (S),18.597091,73.728220,Marunji-VIBGYOR School (S),Active
Marunji-Muktai Park Corner (S),18.599221,73.729804,Marunji-Muktai Park Corner (S),Active
Marunji-Vinode NGR Chowk (S),18.601823,73.743419,Marunji-Vinode NGR Chowk (S),Active
Dapodi-ShitalaDevi Chowk,18.582328,73.829954,Dapodi-ShitalaDevi Chowk,Active
Keshavngr-RenukaDeviTemple(L),18.534843,73.945823,Keshavngr-RenukaDeviTemple(L),Active
Daffodils Society gate-OOB (M),18.6965502098,73.6878112887,Daffodils Society gate-OOB (M),Active
Marunji-Morya Properties (S),18.604860364,73.7277043216,Marunji-Morya Properties (S),Active
Marunji-BR Ambedkar Chowk(S),18.6125747656,73.7152183295,Marunji-BR Ambedkar Chowk(S),Active
Marunji-Sarkar Chowk (S),18.6154626142,73.715391818,Marunji-Sarkar Chowk (S),Active
Punawale-Savant Park Corner(S),18.6257479687,73.7254441533,Punawale-Savant Park Corner(S),Active
Punawale-DSK Kunjaban (S),18.6210875118,73.735619949,Punawale-DSK Kunjaban (S),Active
Kiwale-Lodha Belmondo-OOB (M),18.6648942949,73.7085014609,Kiwale-Lodha Belmondo-OOB (M),Active
Kiwale-Manapa Shala (S),18.6576580127,73.7221377373,Kiwale-Manapa Shala (S),Active
Talawade Rd-Huma Bakery (M),18.6738785998,73.7871588012,Talawade Rd-Huma Bakery (M),Active
Chikhli-Polite Harmony (M),18.6718153372,73.8001856699,Chikhli-Polite Harmony (M),Active
Chikhli-City Plus Hospital (M),18.6748941489,73.8050323791,Chikhli-City Plus Hospital (M),Active
Chikhli-NewaleVasti Corner (M),18.6760376166,73.8071693998,Chikhli-NewaleVasti Corner (M),Active
Chikhli-Krishna Veg (M),18.681348118,73.8083565134,Chikhli-Krishna Veg (M),Active
Chikhli-Main Bus Stop (M),18.6835782218,73.8144769111,Chikhli-Main Bus Stop (M),Active
Chikhli-Kudalwadi Corner (M),18.6740103874,73.8160178266,Chikhli-Kudalwadi Corner (M),Active
Chikhli-Savata Mali Uddyan (M),18.6681136896,73.8250583877,Chikhli-Savata Mali Uddyan (M),Active
Moshi-Goldfields Complex (L),18.6633975909,73.83037345,Moshi-Goldfields Complex (L),Active
Moshi-D Mart (L),18.6797256245,73.8367741022,Moshi-D Mart (L),Active
Chikhli-CityPrideSchool Cor(L),18.6809341322,73.8296544237,Chikhli-CityPrideSchool Cor(L),Active
Moshi-GandharvNagariBusStop(L),18.6506101064,73.850201967,Moshi-GandharvNagariBusStop(L),Active
Charholi-DabhadeSarkarChowk(L),18.6556843962,73.9015980493,Charholi-DabhadeSarkarChowk(L),Active
Lohegaon-ParkSpringSociety (L),18.6118122357,73.9115508403,Lohegaon-ParkSpringSociety (L),Active
Lohegaon-Golden Aura Corner(L),18.6156688576,73.9101142422,Lohegaon-Golden Aura Corner(L),Active
Lohegaon-Urban Homes CHS (L) ,18.6008735729,73.9196789188,Lohegaon-Urban Homes CHS (L),Active
Wagholi-Khandve Nagar Stop (L),18.5720831644,73.9551428263,Wagholi-Khandve Nagar Stop (L),Active
Hadapsar-15 Number Bus Stop(L),18.4990571619,73.9512007454,Hadapsar-15 Number Bus Stop(L),Active
Hadapsar-AmanoraPark Cricle(L),18.5185839856,73.9393733266,Hadapsar-AmanoraPark Cricle(L),Active
Bhekarai NGR-PMT Bus Stop (L),18.4835704201,73.9538781963,Bhekarai NGR-PMT Bus Stop (L),Active
Handewadi Chowk-Dmart Corn (L),18.4554156389,73.9327515482,Handewadi Chowk-Dmart Corn (L),Active
Bus - Handewadi chowk,18.455806,73.932829,Handewadi Chowk-Dmart Corn (L),Active
Undri-Bishop's school Chowk(L),18.4587551889,73.9121399611,Undri-Bishop's school Chowk(L),Active
Undri Chowk-Hanuman Mandir (L),18.4506378593,73.9163967264,Undri Chowk-Hanuman Mandir (L),Active
Sus Gaon-Post Office (S),18.5533321712,73.7540568032,Sus Gaon-Post Office (S),Active
Bavdhan-Opp Gloria Grace (S),18.507397682,73.7693827002,Bavdhan-Opp Gloria Grace (S),Active
Vighnaharta Garden(L),18.477249,73.925166,Vighnaharta Garden(L),Active
Handewadi Sriram Chowk(L),18.481606,73.931377,Handewadi Sriram Chowk(L),Active
Handewadi JSPM chowk (L),18.473206,73.931845,Handewadi JSPM chowk (L),Active
Handewadi Simplicity Gate(L),18.46564,73.934255,Handewadi Simplicity Gate(L),Active
Sasane Nagar Mamta Medical(L),18.490933,73.931997,Sasane Nagar Mamta Medical(L),Active
Manjari Serum Gate (L),18.510282,73.961644,Manjari Serum Gate (L),Active
KeshavNGR KRB Engineering(L),18.530336,73.943115,KeshavNGR KRB Engineering(L),Active
Bhekrai Kumar park Infinia(L),18.483837,73.956914,Bhekrai Kumar park Infinia(L),Active
Kale Padal Dreams Aakruti(L),18.479618,73.942587,Kale Padal Dreams Aakruti(L),Active
Shewalewadi BharatPetrolium(L),18.496937,73.967441,Shewalewadi BharatPetrolium(L),Active
Pisoli Sriram Chowk(L),18.449782,73.910766,Pisoli Sriram Chowk(L),Active
Hadapsar AmanoraPark Circle(L),18.518592,73.939516,Hadapsar AmanoraPark Circle(L),Active
Charholi Tanish Orchid Road(L),18.660189,73.894540,Charholi Tanish Orchid Road(L),Active
Wagholi IVY Estate Busstop(L),18.585550,73.993511,Wagholi IVY Estate Busstop(L),Active
Keshav Nagar Z Corner (L),18.526357,73.954907,Keshav Nagar Z Corner (L),Active
Kirkatwadi Phata (L),18.445521,73.788451,Kirkatwadi Phata (L),Active
Yewalewadi CNG Pump (L),18.442300,73.894133,Yewalewadi CNG Pump (L),Active
Shivane-Deshmukhwadi Stop (L),18.466872,73.779361,Shivane-Deshmukhwadi Stop (L),Active
Koregaon Park-German Bakery,18.539494,73.887378,Koregaon Park-German Bakery,Active
